"PLANET_KEY"|"Planet_name"|"Star_key"|"Mass (Earth)"|"DENSITY"|"RELATIVE RADIUS"|"type_terrain"|"Type Of Climate"
1|"Mystic Expanse Qi"|4921|7,36|0,841|2,06|"jungle, fungus forest, ice canyon, sinkholes, lakes"|"artic, rocky, hot, windy"
2|"Vindemiatrix Er"|1516|5,95|0,797|1,95|"ocean, island"|"arid, frozen, artic, temperate"
3|"Vindemiatrix Wu"|1516|2,84|1,202|1,33|"bog, valley, desert"|"subartic, artic, temperate, superheated, frozen, tropical"
4|"Ashlesha Nemesisian"|1458|8,66|0,964|2,08|"valley, sea, reef, field"|"frigid, temperate, artic"
5|"Ashlesha Hermian"|1458|0,98|1,075|0,97|"urban"|"rocky"
6|"Titanic Mirage III"|6975|4,6|1,065|1,63|"island, mountain"|"frozen, rocky, humid"
7|"Ainalrami IV"|9915|6,69|1,321|1,72|"river, cave"|"artic, hot"
8|"Ainalrami I"|9915|0,99|0,908|1,03|"acid pool, cliff, ocean"|"humid, tropical, temperate"
9|"Helvetios Delta"|3202|1,73|1,116|1,16|"desert, forest"|"arid, humid"
10|"Homam Septimal"|6112|2,29|1,247|1,22|"verdant"|"humid, rocky, frozen, superheated, arid, frigid"
11|"Homam Quartal"|6112|5,69|0,797|1,93|"cave, grassy hill, ice canyon"|"rocky, frigid, humid"
12|"Stellae Abyss Phi"|5523|2,57|0,699|1,54|"grassy hill, rainforest, glacier, jungle, lakes"|"hot, tropical, subartic"
13|"Stellae Abyss Eta"|5523|3,6|0,607|1,81|"hill, toxic cloudsea, fungus forest, cliff"|"temperate, artificial temperate, artic, subartic, tropical"
14|"Anubis Serenity XVIII"|7330|9,26|1,293|1,93|"volcano, lakes, swamp, field, valley"|"rocky, tropical, arid, humid, hot"
15|"Asterope Mu"|5125|3,67|1,035|1,52|"grassy hill, acid pool"|"rocky, humid, frigid, frozen"
16|"Asterope Theta"|5125|0,52|0,966|0,81|"sea"|"tropical, frigid, hot"
17|"Albali XI"|8480|0,89|0,963|0,97|"toxic cloudsea, city, canyons, scrubland"|"rocky, artic, arid"
18|"Asterion Enigma XX"|120|3,11|1,041|1,44|"tundra"|"frigid, temperate, arid, superheated"
19|"Bellatrix Si"|2216|4,32|1,096|1,58|"bog, rocky island, lava river, plateau, savanna, plain"|"hot, tropical, windy, superheated, rocky"
20|"Quantumith Quartal"|1806|4,57|1,233|1,55|"plateau, lava river"|"temperate, hot"
21|"Astral Whisper Hermesios"|6821|2,26|1,001|1,31|"river, hill, rock arche"|"rocky, artificial temperate, windy, subartic, artic"
22|"Uchū Artemian"|304|1,74|1,303|1,1|"rock arche, hill, lava river, canyons"|"tropical, rocky, superheated"
23|"Bonsai Celestial X"|4025|3|0,913|1,49|"lakes, field, ice canyon, plateau, ocean, city, rock arche, sea"|"frozen, temperate, superheated, artic, windy, hot"
24|"Fumalsamakah Artemian"|1926|1,92|1,173|1,18|"barren, rocky canyon, ocean, mountain, plain"|"rocky, windy, arid, artic, temperate"
25|"Astroflux Tau"|4651|6,72|0,545|2,31|"grassy hill, toxic cloudsea, rocky desert, cliff"|"frigid, artic, humid"
26|"Thalassa's Shroud Hermian"|2094|7,31|1,134|1,86|"cave, cliff, ice canyon, river"|"artic, rocky, frozen, windy, subartic"
27|"Grumium Titanos"|431|1,99|0,711|_|"rocky canyon, savanna, cliff, bog, ash"|"humid, tropical, superheated, artic, rocky"
28|"Tarazed Tau"|977|2,5|1,214|1,27|"barren, mountain, urban, toxic cloudsea, ice cave, verdant, rainforest"|"arid, superheated, artic, frigid, subartic"
29|"Xamidimura Apollox"|9390|3,39|0,887|1,56|"reef"|"hot, tropical, superheated"
30|"Acrab Mu"|7195|6,91|1,2|1,79|"ocean"|"artificial temperate, superheated, windy, hot"
31|"Obsidian Threshold Irisian"|7565|5,77|0,701|2,02|"swamp, rocky canyon, ice canyon, tundra, forest, lakes, ash"|"superheated, temperate, artic, subartic, humid"
32|"Pulsar Seraph Astraeos"|7905|3,64|1,05|1,51|"rocky desert, forest, grassland, sinkholes, grassy hill, island, city, rock arche"|"rocky, tropical, superheated, arid, temperate"
33|"Minelauva Zeta"|5350|2,29|1,27|1,22|"hill, canyons, urban, rocky desert, volcano, grassland"|"humid, arid, temperate, artic"
34|"Liesma Herculean"|6564|1,67|0,569|1,43|"field, hill, fungus forest"|"subartic, temperate, hot, frozen, artic, windy"
35|"Liesma Morphean"|6564|2,63|1,076|1,35|"acid pool, ice canyon, ash, grassland, ocean"|"windy, artic, superheated, tropical, humid"
36|"Frostbloom Yi"|3072|1,52|1,181|1,09|"lakes, swamp, city, rocky canyon"|"frigid, arid, tropical"
37|"Frostbloom Jiu"|3072|8,44|1,128|1,96|"cityscape"|"hot, subartic"
38|"Obelisk Shadows Pi"|2712|2,47|0,673|1,54|"mountain, rocky canyon, sea, desert"|"subartic, windy, hot, tropical"
39|"Solaris Shroud Asclepian"|3664|0,43|1,238|0,7|"cliff"|"rocky, frozen, windy, subartic, superheated"
40|"Umi Celestial Quintal"|2867|1,9|0,93|1,27|"grassy hill"|"subartic, superheated, hot, humid, tropical, arid"
41|"Umi Celestial Duodecimal"|2867|8,25|1,003|2,02|"rocky canyon"|"frozen, arid, frigid, humid, subartic, superheated"
42|"Darkonium Nonal"|8735|2,89|1,263|1,32|"rocky canyon"|"artificial temperate, superheated"
43|"Polis XIX"|1911|3,7|0,754|1,7|"plain"|"subartic, humid, windy"
44|"Polis XVI"|1911|5,05|1,013|1,71|"city"|"windy"
45|"Arkab Posterior Faunios"|8431|7,08|1,246|1,78|"cityscape, mountain, jungle, hill"|"superheated, temperate, subartic, artificial temperate"
46|"Icarian Cipher Harpian"|7463|2,05|1,041|1,25|"volcano"|"superheated, hot, windy"
47|"Muphrid IV"|3810|0,75|1,209|0,85|"glacier, vine, river, forest, verdant, acid pool"|"temperate, hot, artificial temperate, frozen, rocky"
48|"Muphrid XVI"|3810|1,47|0,677|1,29|"plateau, bog, city, plain"|"arid, rocky, humid"
49|"Saiph VI"|2749|4,81|0,839|1,79|"river, ocean, jungle, city, rocky canyon"|"hot, arid, tropical"
50|"Saiph X"|2749|1,64|1,005|1,18|"urban, ocean, plain, ice canyon, reef"|"frigid, artic, arid"
51|"Moldoveanu Prime"|8546|3,05|0,968|1,47|"toxic cloudsea, field, barren, urban, reef, mountain"|"humid, tropical, artic, rocky, arid, frigid, temperate"
52|"Rōka Hecatean"|1036|4,61|0,835|1,77|"rocky desert, desert, jungle, swamp, rainforest"|"humid, windy, superheated, hot"
53|"Rapeto Gaios"|4064|3,23|0,934|1,51|"hill, cliff"|"artic"
54|"Diphda XXI"|9385|2,6|1,363|1,24|"lava river, rocky island, cliff, forest"|"arid, humid, subartic, windy"
55|"Ebon Depths Athenian"|4120|1,98|0,592|1,5|"hill, swamp, island, jungle"|"tropical, humid, artic, frozen, subartic"
56|"Kitalpha Atlasios"|7045|0,76|1,016|0,91|"mountain, forest, swamp"|"hot, windy, tropical, temperate, artic"
57|"Kūkan Cascade Nu"|5475|3,29|0,795|1,61|"jungle, city"|"artic, hot"
58|"Enigmatic Abyss XII"|1265|5,56|0,984|1,78|"swamp, ocean, jungle"|"tropical, frigid, superheated"
59|"Cacophonic Murmurs XVI"|1379|2,28|0,963|1,33|"urban, plain"|"subartic, hot, rocky, superheated"
60|"Cacophonic Murmurs V"|1379|0,64|1,681|0,72|"grassland, volcano, plain, grassy hill"|"arid, tropical, subartic, superheated, windy, temperate"
61|"Luminous Wraith Tertial"|2803|1,21|0,842|1,13|"ice cave, cave"|"tropical, superheated, artic, temperate"
62|"Luminous Wraith Octal"|2803|2,24|1,335|1,19|"rock arche, mountain, reef, jungle, ice cave, cityscape, sea"|"superheated, tropical, frozen, rocky, frigid"
63|"Taika Wu"|1904|7,76|0,987|1,99|"acid pool, sinkholes"|"arid, superheated, artificial temperate, hot"
64|"Taika Er"|1904|1,3|1,009|1,09|"tundra"|"rocky, temperate, humid"
65|"Salm Septimal"|4815|5,15|1,039|1,71|"fungus forest, river, scrubland, city, barren, lava river, lakes, jungle"|"arid, humid, subartic, frozen, artic, windy"
66|"Astrophia Morphean"|3821|9,53|0,786|2,3|"ocean, volcano, plateau, jungle"|"subartic, frozen, artic, windy, hot"
67|"Astrophia Chimeraean"|3821|0,54|1,13|0,78|"grassy hill, desert"|"hot, artificial temperate, arid, frigid, windy"
68|"Moriah Pegasusian"|9367|5,35|0,831|1,86|"bog"|"rocky, superheated, humid, artic"
69|"Hannya's Silence Typhonian"|3384|2,44|0,95|1,37|"savanna, glacier, acid pool, field, ice canyon, fungus forest"|"frozen, hot, tropical, humid, frigid"
70|"Xihe Nu"|1085|2,92|1,403|1,28|"plain, valley, ice canyon, cityscape, toxic cloudsea, ocean, lakes, hill"|"tropical, artificial temperate, temperate, hot, arid, rocky, frozen"
71|"Xihe Theta"|1085|1,62|0,78|1,28|"sinkholes"|"superheated, tropical, humid"
72|"Talitha Pi"|5719|1,69|1,103|1,15|"savanna"|"rocky, artificial temperate, windy, humid"
73|"Zypheria V"|4781|2,2|0,994|1,3|"toxic cloudsea, tundra"|"artic, artificial temperate, subartic, frozen, arid"
74|"Torii Celestial Lambda"|4426|2,47|0,556|_|"reef, plateau, ocean"|"tropical, frozen, frigid, temperate, artic"
75|"Torii Celestial Theta"|4426|4,69|0,565|2,03|"cityscape"|"rocky, subartic"
76|"Ukiyo Reverie IX"|538|2,99|1,346|1,3|"rocky canyon, barren, river"|"frozen, windy, arid, rocky, frigid"
77|"Alfirk Nymphios"|671|2,92|0,848|1,51|"grassy hill, valley, tundra, savanna, vine, lakes"|"hot, humid, temperate, frozen, windy, frigid, arid"
78|"Spectral Serenity Demetrian"|2832|2,49|1,063|1,33|"acid pool, cliff, mountain, valley"|"rocky, frozen, hot, tropical, artic, superheated, frigid"
79|"Quanticara II"|3752|6|0,989|1,82|"urban, ice cave, vine, bog, scrubland, sea"|"temperate, superheated, hot, arid, frozen"
80|"Stellarastrum Epsilon"|8956|1,99|0,837|1,33|"verdant, rocky canyon, rocky desert, rainforest"|"hot, tropical, rocky, temperate, frozen, windy"
81|"Stellarastrum Gamma"|8956|0,43|1,053|0,74|"rocky island, jungle, ice canyon, rock arche, desert, field, cityscape"|"rocky, temperate, humid, artic, subartic"
82|"Eternal Murmurs Harpian"|6207|8,91|1,074|2,02|"tundra, plain, fungus forest, lakes, bog, rock arche"|"superheated, frigid, hot, frozen, subartic"
83|"Skyforged Upsilon"|1263|1,69|0,986|1,2|"grassland, volcano, grassy hill"|"rocky, subartic, temperate, hot, humid"
84|"Timir Theta"|1445|2,01|0,986|1,27|"tundra, swamp, acid pool, rocky canyon"|"rocky, tropical, frozen, temperate"
85|"Timir Zeta"|1445|1,52|1,243|1,07|"savanna, city, field"|"rocky, tropical"
86|"Yed Posterior Helios"|8153|4,82|0,685|1,92|"valley, cave, jungle"|"windy, subartic, tropical"
87|"Kawa Shi"|2882|2,65|1,159|1,32|"toxic cloudsea, lakes"|"artificial temperate, windy, frozen, rocky"
88|"Solarflarex Selenean"|8679|5,06|1,284|1,58|"island, valley"|"subartic, windy, frozen, temperate"
89|"Solarflarex Titanos"|8679|1,85|1,005|1,23|"cityscape"|"frigid, artic, superheated"
90|"Shizuku Seraph Prime"|6471|1,14|0,779|1,14|"plain"|"frozen"
91|"Osiris Cascade Wu"|4782|1,82|0,922|1,25|"cliff, cityscape, ash, canyons, ice canyon, city, plain"|"frozen, artic, frigid, temperate, superheated"
92|"Osiris Cascade Qi"|4782|5,72|1,041|1,76|"valley, rainforest, river"|"tropical, humid, superheated, artificial temperate"
93|"Markeb XIII"|6770|8,25|1,082|1,97|"plateau"|"arid, subartic, rocky"
94|"Markeb VI"|6770|1,29|0,903|1,13|"verdant, field, sinkholes, toxic cloudsea, savanna, lava river"|"artic, tropical, humid, rocky, hot, windy"
95|"Lucilinburhuc Qi"|1565|9,2|0,649|2,42|"bog"|"tropical, hot, frigid, frozen"
96|"Lucilinburhuc Si"|1565|0,98|1,015|0,99|"barren, rocky desert, volcano, plain, vine, sea"|"artificial temperate, temperate, windy, tropical, frigid, subartic, arid"
97|"Matar Shi"|6264|5,99|0,929|1,86|"mountain, river, sea"|"tropical, rocky, superheated, frozen"
98|"Matar Si"|6264|3,1|0,996|1,46|"city, tundra, toxic cloudsea, lava river, grassy hill, barren, rocky canyon"|"temperate, windy, superheated, artic, rocky, arid"
99|"Sakura's Silence Sirenios"|5811|1,79|1,331|_|"desert, bog, sea"|"hot, tropical"
100|"Sakura's Silence Herculean"|5811|1,21|1,087|1,04|"plateau, savanna, urban, tundra"|"frozen, subartic, arid, superheated, rocky"
101|"Toliman Sirenios"|4192|4,87|0,565|2,05|"sea, island"|"frozen, arid, frigid"
102|"Galaxix XXII"|4028|_|1,409|0,73|"rocky desert, rainforest, rock arche"|"humid, arid, frozen, superheated, artic"
103|"Dracozen Tau"|5635|2,47|1,225|1,26|"hill, mountain, scrubland"|"subartic, artificial temperate, hot, superheated, arid, windy"
104|"Sadr Quintal"|2857|8,63|0,665|2,35|"cityscape, desert"|"superheated"
105|"Quasarionyx Sextant"|8927|3,62|0,574|1,85|"forest"|"humid, arid"
106|"Zenithariana Echoian"|6469|9,22|0,983|2,11|"field, island, rocky desert"|"rocky, hot, artic, humid"
107|"Lunarisys Pantheon"|8885|6,9|0,836|2,02|"fungus forest, forest"|"artificial temperate, temperate, hot"
108|"Luminous Ember Upsilon"|7995|4,96|1,225|1,59|"bog, rocky canyon, desert, urban"|"temperate, subartic, rocky"
109|"Luminous Ember Xi"|7995|3,24|0,954|1,5|"sinkholes, lava river, sea, vine, ash, glacier, toxic cloudsea, ice cave"|"hot, subartic, tropical, temperate, frozen, windy, artificial temperate"
110|"Intercrus Echoian"|5516|5,28|0,795|1,88|"river, ocean"|"arid, humid, rocky, superheated"
111|"Eonara Duodecimal"|3066|4,15|0,569|1,94|"acid pool, field, volcano, reef, canyons, rocky island"|"superheated, windy, arid, rocky, temperate, artificial temperate, artic"
112|"Solarionara Hermian"|7582|2,24|0,504|1,64|"savanna, urban, ice canyon"|"humid, arid, subartic, rocky, windy, artic, tropical"
113|"Quasar Seraph XII"|4282|2,17|0,696|1,46|"fungus forest, river"|"hot, artificial temperate, rocky, tropical"
114|"Nefertiti's Nebula Wu"|6162|3,27|0,879|1,55|"canyons, lava river, river, rainforest, savanna, swamp"|"frozen, humid, superheated, temperate, artic"
115|"Aetheronix XIII"|2157|1,95|0,882|1,3|"verdant, rainforest"|"tropical"
116|"Wolfheart Si"|6426|6,31|0,821|1,97|"hill"|"artic, arid, tropical, humid, frozen, temperate"
117|"Galaxara Centaurios"|5630|2,54|0,615|1,6|"lakes"|"subartic"
118|"Sadalsuud Omega"|2412|1,3|0,884|1,14|"lava river"|"arid, windy"
119|"Algorab Irisian"|3123|3,96|1,157|1,51|"plain"|"frozen, artificial temperate, arid, frigid"
120|"Algorab Janusian"|3123|1,39|0,985|1,12|"verdant, sea, swamp, cave, city, urban, jungle, plain"|"tropical, rocky, arid, frigid, artificial temperate, artic"
121|"Geisha's Mirage Demetrian"|3751|8,56|1,196|1,93|"rocky canyon, lakes, canyons, city, ocean"|"windy, arid, humid, frozen, temperate"
122|"Geisha's Mirage Tritonian"|3751|0,72|0,762|0,98|"island"|"artificial temperate"
123|"Komorebi Cascade Liu"|7125|0,76|0,973|0,92|"sinkholes, cliff, lava river"|"temperate, superheated, rocky, subartic, frozen"
124|"Nebulionara Artemian"|79|3,65|0,815|1,65|"cityscape, ocean"|"windy, frigid"
125|"Solarion Yi"|9720|4,5|1,234|1,54|"field"|"windy, rocky, arid, artificial temperate"
126|"Solarion Shi"|9720|2,36|1,258|1,23|"hill"|"frigid, rocky"
127|"Samurai's Ember Eta"|2516|7,88|0,842|2,11|"sea"|"tropical, humid"
128|"Samurai's Ember Theta"|2516|0,55|0,771|0,89|"verdant, canyons, jungle"|"superheated, artic"
129|"Tianguan Helios"|8586|7,85|0,815|2,13|"cliff, river"|"subartic"
130|"Muscida Vigesimal"|3566|6,22|0,91|1,9|"savanna, tundra, valley"|"subartic, frigid, superheated, windy, temperate, artic, tropical"
131|"Sylvarix Duodecimal"|371|2,31|1,003|1,32|"bog, island, ice canyon, valley, ash"|"humid, windy, superheated, frigid"
132|"Frostbeard V"|9764|3,75|0,569|1,87|"ocean, jungle, lava river, cave, canyons, mountain, valley"|"frigid, frozen, temperate, arid, tropical"
133|"Frostbeard XVIII"|9764|8,74|1,176|1,95|"plain"|"frozen, windy, arid"
134|"Bubup Octal"|2077|3,57|1,199|1,44|"savanna"|"subartic, frigid, hot, superheated, windy"
135|"Bubup Prime"|2077|1,63|1,177|1,11|"lakes, jungle, rock arche, mountain, tundra, volcano"|"artificial temperate, superheated, frozen, humid, subartic"
136|"Enif Phi"|6|1,79|1,067|1,19|"fungus forest, bog, ocean, ice canyon"|"rocky, humid, artic, tropical"
137|"Marfik Asclepian"|5984|2,22|0,585|1,56|"cliff"|"artificial temperate, humid"
138|"Marfik Sirenios"|5984|3,93|1,202|1,48|"toxic cloudsea, forest, tundra, mountain, reef, lakes, rocky island, acid pool"|"arid, artic, humid, frigid, superheated"
139|"La Superba Wu"|4150|7,3|1,111|1,87|"tundra, grassy hill, fungus forest, rocky island"|"arid, frozen, tropical, artificial temperate"
140|"Nebulithra Upsilon"|5615|4,25|0,601|1,92|"city"|"humid, frozen, frigid, temperate, superheated"
141|"Nebulithra Theta"|5615|8,4|1,504|1,77|"savanna, river, field, hill"|"superheated, frozen, tropical, artificial temperate"
142|"Naos Sigma"|4649|2,75|1,151|1,34|"ocean, ice canyon, desert, lava river"|"arid, temperate, frigid"
143|"Crimson Void Si"|7361|6,51|0,592|2,22|"tundra"|"artificial temperate, temperate, frozen, humid, tropical"
144|"Crimson Void Er"|7361|2,6|0,906|1,42|"tundra"|"frozen, humid, rocky, subartic"
145|"Quasar Nova Upsilon"|7196|_|0,748|1,46|"cityscape, bog, sea, jungle"|"artic, temperate, humid"
146|"Nebula Radiance Cerberian"|2508|1,95|0,976|1,26|"tundra"|"hot, frigid, superheated, subartic, artic"
147|"Infinite Whispers Olympios"|9603|3,25|1,111|1,43|"desert"|"tropical, rocky, windy"
148|"Nebuloria Zephyrian"|9363|1,83|0,747|1,35|"rocky island"|"humid, tropical, subartic, windy, temperate"
149|"Solstara Xi"|3712|7,08|1,242|1,79|"lakes, rocky desert"|"artic, humid, frozen, subartic"
150|"Solstara Tau"|3712|_|1,229|1,39|"cityscape, bog, hill, plain, lakes"|"frozen, tropical, windy, superheated"
151|"Brimstone San"|6367|9,58|0,342|3,04|"ice cave"|"artic"
152|"Brimstone Ba"|6367|3,78|1,115|1,5|"volcano, urban, hill, city, island"|"frozen, humid, hot, windy"
153|"Yed Prior Herculean"|3523|2,38|1,389|1,2|"cliff, plain"|"subartic, tropical"
154|"Hatysa Liu"|846|0,35|0,844|0,75|"ice cave, cave"|"subartic, hot, frozen, superheated, windy"
155|"Hatysa Wu"|846|1,76|1,111|1,17|"cityscape, plain, ice canyon"|"hot, frigid, arid, windy"
156|"Seishin Orphean"|3100|7,44|0,773|2,13|"urban, plain, jungle, reef, acid pool"|"humid, tropical, hot"
157|"Pulsariax Hestian"|2418|3,78|1,207|_|"ice canyon, sinkholes, bog, canyons"|"windy, frigid, artic, arid, hot, humid"
158|"Vortexion Apollox"|5007|0,39|1,315|0,67|"sinkholes, ice cave, ocean"|"artificial temperate, frozen, hot"
159|"Vortexion Nyxios"|5007|1,92|0,818|1,33|"lakes, acid pool, ash, ocean, fungus forest, cityscape, vine, rainforest, cliff"|"artificial temperate, subartic, frigid, rocky, humid, hot"
160|"Icewind Tau"|5065|1,37|1,262|1,03|"rocky desert, river"|"hot, artic, humid, windy, subartic"
161|"Icewind Gamma"|5065|2,98|0,937|1,47|"desert, savanna, tundra, plateau"|"frozen, superheated, subartic"
162|"Abyssal Echoes Vigesimal"|9211|5,49|0,884|1,84|"sinkholes, forest, savanna, canyons, ocean, river, city"|"humid, subartic, superheated, artic, artificial temperate"
163|"Abyssal Echoes Septimal"|7123|9,11|1,043|2,06|"verdant, island, urban, ice canyon"|"hot, subartic, frozen"
164|"Intan Pi"|5860|2,43|1,214|1,26|"glacier, jungle, cave, rocky canyon, rocky island"|"artificial temperate, frigid, humid, hot, frozen, subartic, rocky"
165|"Intan Iota"|5860|1,92|1,511|1,08|"acid pool, sea, rock arche, mountain, grassland, forest"|"humid, artificial temperate, artic, rocky, arid"
166|"Cosmara Apollox"|4340|4,89|1,374|1,53|"verdant, tundra, plateau, cityscape, vine"|"subartic, frigid, hot, rocky"
167|"Thoth's Nebula San"|8066|6,37|1,269|1,71|"urban, rock arche"|"arid"
168|"Tapecue Theta"|2312|1,21|1,053|1,05|"lava river"|"tropical, frigid, superheated, subartic, humid"
169|"Tapecue Nu"|2312|0,97|1,125|0,95|"jungle"|"subartic, frozen, superheated"
170|"Infinite Iris Museios"|5609|3,18|0,932|1,51|"canyons, valley, scrubland"|"artic, arid, subartic, temperate"
171|"Zephyrion Yi"|8891|0,45|1,138|0,73|"ice cave, grassy hill, acid pool, rocky canyon, rocky island"|"frigid, artificial temperate, temperate, artic, hot, frozen"
172|"Zephyrion Ba"|8891|7,17|1,312|1,76|"lakes, hill"|"frozen"
173|"Lesath Aphroditos"|4104|3,75|0,782|1,69|"rock arche"|"superheated, hot, windy, frigid"
174|"Mpingo San"|1885|2,97|0,795|1,55|"cityscape, vine, jungle, cave"|"frigid, hot, subartic, artificial temperate"
175|"Porrima Ba"|6136|3,71|1,091|1,5|"rocky island"|"artic, humid, windy, frigid"
176|"Porrima Wu"|6136|2,58|0,504|1,72|"vine"|"temperate, frigid, windy, frozen, rocky, artic, hot"
177|"Fjordr Jiu"|9613|4,96|1,352|1,54|"river"|"hot"
178|"Fjordr Ba"|9613|2,25|0,893|1,36|"urban, valley, ocean, cave"|"windy, artic, rocky, tropical"
179|"Helionara III"|1497|1,2|0,684|1,21|"urban"|"subartic"
180|"Aozora Nebula Nemesisian"|2966|3,52|1,221|1,42|"acid pool, rainforest, cityscape, river, savanna, ash"|"temperate, humid, hot, tropical"
181|"Stormcaller XVII"|130|2,4|1,228|1,25|"ocean, rocky canyon, reef, mountain, desert"|"rocky, frigid, tropical, windy"
182|"Etherion XIV"|2432|5,82|0,558|2,18|"urban, ocean, ice canyon, field, plain, rocky island"|"hot, superheated, rocky, frigid, temperate, windy"
183|"Aquilan Cipher Janusian"|7893|2,09|1,351|1,16|"rocky canyon, bog"|"frigid, windy, temperate"
184|"Aquilan Cipher Demetrian"|7893|1,09|0,978|1,04|"savanna, forest, cave, acid pool, toxic cloudsea, rocky island"|"artificial temperate, hot, artic, windy, rocky"
185|"Aldebaran Quintal"|8662|1,77|1,193|1,14|"rainforest, savanna, jungle, sea, island, swamp"|"temperate, frozen, rocky, artic, tropical"
186|"Aldebaran Quartal"|8662|2,46|1,169|1,28|"valley, city"|"temperate, arid, windy"
187|"Blizzardrider Qi"|1827|7,62|0,82|2,1|"bog, jungle, plateau"|"tropical, superheated, frozen, artificial temperate"
188|"Blizzardrider Er"|1827|3,27|1,13|1,43|"field, vine"|"hot"
189|"Ankh Horizon Liu"|8961|3,87|1,061|1,54|"plateau, reef, jungle, urban, sinkholes"|"tropical, hot, superheated, artic"
190|"Alkalurops Demetrian"|4847|3,58|0,942|1,56|"cliff"|"rocky, frozen, frigid"
191|"Amun-Ra Mirage Undecimal"|3992|0,7|0,791|0,96|"valley, cityscape, ice canyon"|"frigid, tropical"
192|"Amun-Ra Mirage Prime"|3992|2,12|0,936|1,31|"rock arche"|"frigid, artificial temperate, subartic"
193|"Lysian Nexus Ba"|968|6,24|1,324|1,68|"canyons, fungus forest, valley, grassland"|"temperate, tropical, hot, rocky, arid, artificial temperate"
194|"Hanami Echo Delta"|7924|2,11|1,086|1,25|"urban, verdant, ocean, jungle, grassy hill"|"tropical, hot, superheated, subartic"
195|"Hanami Echo Rho"|7924|5,12|1,097|1,67|"field, city, reef, lava river, plain, tundra, hill, rocky island"|"frigid, rocky, hot, superheated, tropical, arid, windy"
196|"Alrescha Nu"|9348|1,69|0,961|1,21|"plain, lakes, ice cave, tundra"|"artic, arid, subartic, hot"
197|"Alrescha Beta"|9348|1,28|0,903|1,12|"lakes, plateau, sea"|"frigid, tropical"
198|"Tegmine Centaurios"|5023|5,45|1,152|1,68|"cave, urban"|"artic, hot"
199|"Altais Ba"|1526|_|1,125|_|"forest"|"arid, frigid, tropical, artificial temperate, rocky, windy"
200|"Altais Si"|1526|1,44|1,447|1|"verdant, plain"|"arid"
201|"Ebla Septimal"|4256|2,1|0,923|1,32|"city, jungle"|"arid, frozen, tropical, superheated"
202|"Atik XII"|8285|2,53|0,889|1,42|"cityscape, hill, lakes, canyons"|"rocky, humid, temperate"
203|"Castor Theta"|2129|1,46|0,967|1,15|"vine, jungle"|"temperate, superheated, frozen, humid, artificial temperate"
204|"Quasarlynx Tau"|1329|3,04|1,027|1,44|"verdant, plain"|"subartic"
205|"Spectral Veil Omicron"|2273|4,79|1,214|1,58|"sea, valley, ice cave, rocky canyon"|"frigid, arid, humid, windy, temperate, superheated"
206|"Starlight Whisper Chi"|9923|7,45|1,02|1,94|"cityscape, plateau, toxic cloudsea"|"artic, frozen"
207|"Starlight Whisper Iota"|9923|2,18|1,31|1,18|"rocky canyon, lakes, river"|"frozen, temperate, arid"
208|"Sylvari Herculean"|8007|1,62|0,933|1,2|"grassland, cave, valley"|"windy, arid, frigid, temperate"
209|"Sylvari Titanos"|8007|1,66|1,238|1,1|"lakes, glacier, barren, rocky desert, jungle, sinkholes, urban"|"rocky, hot, arid, tropical, subartic"
210|"Etherionara XX"|9023|6,49|0,985|1,87|"plain, reef"|"hot"
211|"Berehynia Eosian"|2964|6,29|0,679|2,1|"reef, mountain, city, hill, cave"|"tropical, arid, frozen, artic, subartic, frigid"
212|"Berehynia Dionysios"|2964|4,76|0,806|1,81|"field, sinkholes, valley, swamp, rock arche, canyons, lakes"|"artificial temperate, superheated, subartic, artic, temperate, humid"
213|"Cebalrai Er"|45|3,95|0,384|2,18|"reef, jungle, tundra"|"frozen, tropical"
214|"Cebalrai Shi"|6955|3,64|0,998|1,54|"city"|"frozen, hot, rocky, superheated, tropical"
215|"Tevel Poseidian"|6395|1,3|1,016|1,09|"cityscape, reef, verdant, island"|"superheated, windy, tropical, frozen, temperate"
216|"Algedi Morphean"|1590|1,81|0,854|1,28|"cliff, ocean, reef"|"artificial temperate, hot, arid, tropical, frozen"
217|"Algedi Helios"|1590|6,23|0,822|1,96|"glacier, river"|"rocky, windy, frozen, superheated, arid"
218|"Koit Demetrian"|3510|4,9|1,293|1,56|"plain, fungus forest, forest, desert, lakes, tundra, volcano"|"temperate, artificial temperate, frozen, hot, windy, artic"
219|"Mira Nereidos"|9310|6,89|0,857|2|""|"windy"
220|"Mira Harpian"|9310|6,21|1,018|1,83|"tundra, canyons, forest"|"tropical, frigid, artic, rocky"
221|"Alula Borealis Shi"|2724|6,27|0,83|_|"ice cave, rainforest"|"tropical, frozen, artic"
222|"Alula Borealis Yi"|2724|4,68|1,439|1,48|"glacier"|"subartic, frozen, frigid, arid"
223|"Sheliak Omega"|2545|4,07|0,76|1,75|"reef"|"artic, windy, frigid, artificial temperate"
224|"Nebulith Cerberian"|9356|0,86|1,441|0,84|"toxic cloudsea"|"artic, windy"
225|"Zhang XIX"|4347|3,02|1,207|1,36|"bog, verdant, grassy hill, forest, grassland"|"humid, temperate, artificial temperate"
226|"Zhang XXI"|4347|0,73|0,679|1,02|"mountain, ice canyon, rock arche, cliff"|"superheated, humid, tropical, frozen, subartic, frigid"
227|"Whalecaller XVI"|6658|_|0,803|1,46|"barren, cityscape, scrubland"|"rocky, superheated, arid"
228|"Alasia Hadean"|5480|5,95|0,779|1,97|"canyons, jungle, plain"|"frozen, temperate, frigid, tropical"
229|"Meleph XXI"|798|1,25|1,19|1,02|"vine, field, hill, grassy hill, jungle, island, ice canyon, river"|"superheated, subartic, temperate, tropical, arid, windy"
230|"Alderamin Selenean"|9394|3,13|0,966|1,48|"rock arche, jungle, vine, hill, lava river, mountain, tundra"|"artic, rocky, tropical, humid, hot, frozen, temperate"
231|"Lunar Mirage VII"|4181|_|0,58|0,93|"cave, rocky desert, hill, desert, bog, scrubland, grassy hill"|"superheated, arid, temperate, tropical, rocky"
232|"Lunar Mirage VIII"|4181|0,8|0,824|0,99|"rocky island, swamp, cityscape, grassy hill, jungle, savanna"|"superheated, artificial temperate, tropical, frigid"
233|"Scarab Expanse Ba"|7974|0,41|1,179|0,7|"reef"|"temperate, artificial temperate"
234|"Cryptic Nebula Prime"|1252|1,83|0,971|1,24|"jungle, toxic cloudsea"|"superheated, artificial temperate, frozen"
235|"Cryptic Nebula Undecimal"|1252|1,29|0,797|1,17|"ocean"|"superheated, humid, frigid"
236|"Astrum Cryptic Demetrian"|5076|8,64|0,683|2,33|"verdant, cityscape, ice cave, forest, tundra"|"arid, subartic, frozen, temperate"
237|"Enso III"|9311|_|1,296|1,7|"ice canyon, island"|"subartic, frigid, frozen"
238|"Enso XIX"|9311|2,02|0,939|_|"cityscape"|"artificial temperate, tropical, humid"
239|"Bharani Nereidos"|9319|2,35|0,769|1,45|"vine, toxic cloudsea, cave, rock arche"|"superheated, frozen, artificial temperate, humid"
240|"Cosmosith Nymphios"|6914|4,91|0,433|2,25|"tundra, bog, field"|"artificial temperate, humid, frigid, subartic, windy, tropical, frozen"
241|"Aetherionyx Kappa"|805|0,6|0,778|0,92|"island, bog, verdant, lakes, reef, river"|"tropical, temperate, subartic, humid"
242|"Nova Prism Sirenios"|7512|2,17|0,871|1,36|"barren, hill"|"tropical, arid, subartic, windy"
243|"Aetherial Mirage Sigma"|4734|4,58|1,178|1,57|"forest, swamp, cliff, plain"|"arid, subartic, artic, rocky, humid"
244|"Chaophraya V"|6209|6|1,419|1,62|"acid pool, plain"|"subartic, superheated, temperate"
245|"Barnard's Star Tertial"|1133|4,25|1,239|1,51|"rocky canyon, volcano, lakes, field, acid pool, jungle, cityscape"|"frozen, windy, subartic, frigid, temperate, hot"
246|"Hannya's Expanse Shi"|6152|7,17|1,018|1,92|"cityscape, tundra, river, rock arche"|"humid, tropical, subartic, artificial temperate"
247|"Hannya's Expanse Wu"|6152|1,98|1,002|1,25|"rocky desert, forest"|"humid, rocky, temperate, artic, frozen, subartic"
248|"Aludra San"|8136|2,9|1,382|1,28|"island, ice cave, vine, plain"|"artic, humid, hot, superheated"
249|"Aludra Shi"|8136|3,09|0,874|1,52|"forest"|"windy"
250|"Galactic Prism Psi"|2154|6,32|1,1|1,79|"plain, valley, volcano, desert"|"artificial temperate, superheated, frozen"
251|"Asterion Abyss Phi"|9718|8,1|1,257|1,86|"bog"|"tropical, artic, subartic"
252|"Shinju Serenity Eta"|6738|7,43|1,236|1,82|"ice cave, cityscape"|"artificial temperate, humid, rocky, temperate, artic, frigid"
253|"Marsic Hermesios"|3081|1,75|1,254|_|"tundra, volcano, jungle, cityscape, verdant"|"subartic, hot, humid"
254|"Hayabusa Nexus Atlasios"|9034|7,79|0,757|2,18|"cliff, savanna, island, rocky desert"|"frigid, hot, frozen, temperate, humid"
255|"Arneb Eosian"|3196|1,98|1,197|1,18|"reef, river, plain, urban"|"artificial temperate, hot, superheated, windy"
256|"Arneb Tritonian"|3196|5,7|0,596|2,12|"river, acid pool, ice canyon, canyons, verdant"|"frigid, artificial temperate, hot, rocky, windy"
257|"Astroth Jiu"|8509|5,52|0,972|_|"plain, cityscape, sea, barren, plateau, jungle"|"windy, humid, rocky, superheated, arid, tropical, artic"
258|"Astroth Shi"|8509|0,93|0,826|1,04|"valley"|"humid, artic, frozen, artificial temperate, frigid"
259|"Axeheart XXIV"|3528|2,26|0,934|1,34|"rocky desert, city"|"frozen"
260|"Bosona Lambda"|8113|_|0,335|2,57|"mountain, sea, jungle"|"windy, subartic, temperate, superheated, rocky, tropical, frozen"
261|"Tesserion Yi"|3613|8,25|1,107|1,95|"valley, acid pool, volcano, lava river, lakes, barren"|"humid, artic, tropical, arid, frigid"
262|"Tesserion San"|3613|1,56|1,011|1,16|"city"|"artic, artificial temperate, tropical, superheated, windy"
263|"Galacticon Upsilon"|3896|0,92|0,902|1,01|"reef, cityscape"|"frigid, subartic"
264|"Galacticon Kappa"|3896|7,64|0,615|2,32|"reef, island, grassy hill"|"artic, humid, arid, windy"
265|"Hikari Gaze Chi"|7739|0,48|1,393|0,7|"field, glacier"|"arid, rocky, hot, humid, frozen"
266|"Hikari Gaze Sigma"|7739|4,24|1,158|1,54|"rocky canyon, river, tundra, hill"|"subartic, temperate, rocky, frigid"
267|"Frostfang Sigma"|7175|4,05|1,328|1,45|"hill, urban, toxic cloudsea"|"subartic, artic"
268|"Frostfang Theta"|7175|3,79|1,024|1,55|"bog, river, tundra"|"subartic, temperate"
269|"Nocturnal Silence Omega"|3292|5,69|0,975|1,8|"ash, grassy hill, acid pool"|"frozen, windy, artificial temperate, hot, superheated"
270|"Copernicus Prime"|7589|5,61|0,961|1,8|"forest, verdant, glacier"|"arid, artic, superheated, frozen, tropical, hot"
271|"Copernicus Quintal"|7589|_|0,597|2,11|"glacier, urban, sea, ice canyon, fungus forest"|"humid, rocky, frigid, artic"
272|"Sceptrum Phi"|1347|6,3|1,055|1,81|"ice cave, river, desert, ice canyon"|"frigid, superheated, subartic, hot"
273|"Ayeyarwady Ba"|520|4,46|0,727|1,83|"grassland, mountain, sea, glacier, ice canyon, reef"|"subartic, frigid, artic, windy, temperate, artificial temperate"
274|"Achernar Secant"|3152|0,47|1,157|0,74|"toxic cloudsea, rainforest, sinkholes, forest, rocky desert, grassland, jungle"|"artic, humid, frigid, tropical, superheated"
275|"Achernar Septimal"|3152|5,24|1,036|1,72|"reef, vine, plain, swamp"|"subartic, humid, frigid, tropical"
276|"Elysian Nebula XXII"|6243|2,23|1,269|1,21|"desert, plain"|"frozen, temperate, arid, windy, tropical"
277|"Alpherg Lambda"|4929|2,2|1,02|1,29|"rocky canyon, toxic cloudsea"|"frozen, windy, arid, frigid, artificial temperate, superheated"
278|"Kaze VII"|5754|1,2|0,706|1,19|"tundra, jungle, rocky canyon, swamp, city"|"artificial temperate, humid, windy, artic, temperate"
279|"Haruka Echoes Lambda"|6984|1,56|1,261|1,07|"desert, ice canyon, tundra, hill, rainforest, canyons, ice cave"|"artic, hot, artificial temperate, superheated, tropical"
280|"Darkonix Sextant"|8946|6,61|1,01|1,87|"reef, ash, lakes"|"hot, rocky"
281|"Darkonix Prime"|8946|2,51|0,983|1,37|"cliff"|"superheated"
282|"Aurum Obscura IX"|6478|6,64|0,86|1,98|"lakes"|"rocky, artic"
283|"Aurum Obscura X"|6478|0,93|1,197|0,92|"river, cityscape, cave"|"temperate, superheated, frigid"
284|"Márohu III"|1936|2|1,256|1,17|"volcano, cliff, sea, lakes, grassy hill, vine, fungus forest, canyons, plain, barren, tundra"|"frozen, superheated, arid, tropical, temperate, rocky, humid"
285|"Márohu I"|1936|1,48|0,554|1,39|"rocky desert, urban, ice canyon, forest"|"frigid, artic, temperate"
286|"Cursa Si"|1205|1,46|0,826|1,21|"swamp, rainforest, reef"|"arid, frigid, humid"
287|"Cursa San"|1205|3,9|0,886|1,64|"canyons, reef, desert"|"tropical, frigid, subartic, hot"
288|"Sabik Epsilon"|446|1,03|0,825|1,08|"city, sea, bog, swamp, valley, toxic cloudsea, sinkholes"|"rocky, subartic, hot, artic, tropical, artificial temperate, frigid"
289|"Pleione Hecatean"|8784|2,08|0,859|_|"vine"|"subartic, hot, frigid, windy"
290|"Imai Tritonian"|2370|0,9|1,029|0,96|"city, forest, fungus forest, ice canyon, cityscape, vine"|"tropical, frozen, hot, frigid, superheated, windy, artic"
291|"Celestial Ember Alpha"|8872|0,92|0,745|1,07|"field, rocky canyon, swamp, savanna, mountain, rainforest"|"rocky, artificial temperate, tropical, windy, hot, superheated"
292|"Mirfak XV"|951|4,47|0,95|1,68|"plain"|"arid"
293|"Heliosys Selenean"|1398|1,72|0,904|1,24|"vine, tundra, lava river"|"arid, frozen, subartic, windy"
294|"Yūgen Shadows Lambda"|2625|3,63|0,796|1,66|"canyons, volcano"|"superheated, arid, humid, frozen"
295|"Nebula Obscura Nymphios"|3583|1,75|0,897|1,25|"canyons"|"rocky, humid, temperate"
296|"Nebula Obscura Hadean"|3583|7,5|1,027|1,94|"sinkholes"|"humid, subartic, hot, frozen, rocky"
297|"Ephemeral Labyrinth Ba"|1069|7,04|0,742|2,12|"desert, city, rock arche, jungle, ash"|"temperate, superheated, subartic"
298|"Hikari XXIV"|6042|2,87|1,097|1,38|"sinkholes, valley, grassy hill, city, grassland, canyons, rocky island"|"hot, artic, rocky, arid, subartic, superheated, humid"
299|"Galaxy Seraph Beta"|1035|5,85|1,267|1,67|"ocean, toxic cloudsea, hill, rocky desert, rocky canyon"|"frigid, frozen, subartic, artificial temperate"
300|"Kaze Horizon Atlasios"|3316|0,68|0,888|0,91|"river, grassland, barren, plateau, valley, desert, rock arche, volcano, hill"|"subartic, humid, frozen, rocky, artificial temperate, arid"
301|"Fuji Nebula Yi"|8761|3,45|0,955|1,53|"cityscape"|"rocky, temperate, subartic, windy, tropical, frozen, humid"
302|"Fuji Nebula San"|8761|_|0,693|1,44|"rocky canyon"|"humid, arid"
303|"Bastet's Silence Nymphios"|8247|1,03|0,821|1,08|"plain, hill, city, vine, rocky desert, ash"|"subartic, artic, arid, superheated"
304|"Bastet's Silence Chimeraean"|8247|8,43|1,449|1,8|"jungle"|"humid, superheated, hot, windy"
305|"Alya Qi"|1601|5,87|1,316|1,65|"verdant, ice canyon, canyons, urban"|"artic, artificial temperate, temperate, subartic, hot, arid"
306|"Alya Jiu"|1601|6,95|1,072|1,86|"sea, hill"|"artic, tropical, superheated, artificial temperate"
307|"Celaeno Quintal"|3366|5,97|0,996|1,82|"cliff, city, grassy hill"|"frozen, windy, subartic, rocky, temperate"
308|"Celaeno Tertial"|3366|1,17|0,749|1,16|"ocean, ice cave, plain, plateau, sea"|"artificial temperate, arid, temperate, artic"
309|"Nebula Nexus XI"|2561|6,33|0,517|2,31|"verdant, jungle, reef, ash"|"humid, frigid, windy, artic, frozen, hot"
310|"Hoshizora Seraph Septimal"|239|0,64|1,187|0,81|"lakes, swamp, plateau, city, bog"|"humid, temperate, frigid, artic, windy, artificial temperate"
311|"Vesperian Crypt VIII"|4916|2,19|0,845|1,37|"plateau, hill, rock arche, swamp, acid pool"|"arid, superheated, frozen, humid"
312|"Vesperian Crypt II"|4916|1,54|0,911|_|"ash, vine, savanna"|"subartic, frigid, frozen, rocky, temperate, superheated"
313|"Zubenelgenubi Octal"|822|_|0,678|1,91|"jungle, urban"|"hot, frigid, temperate, rocky"
314|"Arcanara XI"|3765|4,64|0,943|1,7|"ash"|"humid, arid, superheated"
315|"Diadem XIX"|5767|2,89|0,781|1,55|"cave"|"frozen"
316|"Polaris XVI"|6744|0,9|1,053|0,95|"acid pool, rocky island, rock arche, ice cave, glacier, city, rocky desert"|"humid, artic, tropical, frigid, frozen, rocky"
317|"Koi's Whisper Faunios"|234|2,46|0,797|1,46|"urban, lakes"|"windy, humid, superheated, tropical"
318|"Riftwanderer Olympus"|5268|2,7|1,19|1,31|"ocean, river"|"windy, artificial temperate"
319|"Penumbralix Delta"|1388|5,13|1,15|1,65|"canyons, lakes"|"hot"
320|"Penumbralix Iota"|1388|5,81|0,661|2,06|"rocky canyon, rock arche"|"subartic, windy, tropical, artic, humid"
321|"Seginus II"|8103|5,44|1,165|1,67|"rock arche"|"hot, rocky, frozen, humid"
322|"Acrux Gamma"|9861|1,25|0,977|1,09|"sinkholes"|"subartic, frozen, tropical, hot"
323|"Beid XI"|6334|2,31|1,236|1,23|"ice canyon"|"humid, frigid"
324|"Vermilion Expanse Secant"|262|7,42|1,12|1,88|"acid pool, verdant, vine, desert, reef, mountain"|"temperate, subartic, rocky, artic, arid, artificial temperate"
325|"Pipirima Wu"|525|3,59|1,22|1,43|"rocky desert"|"windy, frozen, artificial temperate, arid, artic"
326|"Inazuma Shadows XXIV"|718|2,47|0,705|1,52|"cityscape, city, forest, ice cave, hill, field"|"humid, frigid, subartic, artificial temperate"
327|"Inazuma Shadows XIV"|718|5,6|1,008|1,77|"plateau, desert"|"rocky, windy"
328|"Miram Centaurios"|6624|_|0,532|1,66|"cave"|"hot, windy, frozen, humid, superheated, tropical"
329|"Ra's Echo Hermian"|8091|2,25|0,915|1,35|"hill"|"artic"
330|"Ra's Echo Pegasusian"|8091|_|0,899|1,51|"field, city"|"subartic, humid, arid, windy"
331|"Markab I"|1663|7,25|1,401|1,73|"reef, plain, valley, jungle"|"tropical, frozen, humid"
332|"Bastet's Mirage Museios"|4528|2,91|0,635|1,66|"acid pool"|"arid, superheated"
333|"Ma'at's Cascade Pegasusian"|7541|2,35|0,895|1,38|"hill, cliff, jungle, verdant"|"artificial temperate, humid, hot, arid"
334|"Photara Jiu"|3683|0,61|1,353|0,77|"hill, sea, savanna, mountain, lakes, reef, forest"|"temperate, hot, rocky, superheated, windy, tropical"
335|"Photara Qi"|3683|8,48|0,947|2,08|"glacier, rocky island, volcano, savanna, rocky canyon, mountain"|"frozen, humid, arid, temperate"
336|"Starlight Haven XI"|4300|0,93|0,933|1|"cave, cityscape, forest, ice cave, savanna"|"arid, temperate, frigid"
337|"Lunacara IX"|3931|4,17|1,013|1,6|"verdant, cityscape, plain, reef, toxic cloudsea, lakes"|"humid, artic, frozen, artificial temperate"
338|"Sekhmet's Ember Pantheon"|8973|0,82|1,423|0,83|"vine"|"artic, humid"
339|"Mago Jiu"|4193|2,13|0,591|1,53|"sea, lava river, tundra, grassy hill, island"|"temperate, tropical, arid, artificial temperate, artic"
340|"Mago Wu"|4193|3,85|0,736|_|"city"|"frozen"
341|"Syrma Omicron"|8684|8,5|1,187|1,93|"desert, tundra, rocky island, cliff, cave"|"subartic, humid, rocky, windy, temperate"
342|"Felis Psychean"|3991|1,69|0,979|1,2|"forest"|"artificial temperate, temperate"
343|"Felis Dionian"|3991|1,97|0,677|1,43|"valley"|"hot, temperate, artificial temperate, rocky"
344|"Alrakis X"|320|7,01|1,223|1,79|"island, cityscape, rocky canyon, rocky desert, cave"|"subartic, temperate, tropical, superheated, artic"
345|"Zibal Liu"|8186|4,32|0,702|1,83|"cliff, plateau, ice canyon, valley"|"frozen, frigid, artificial temperate"
346|"Lunarianth XXIII"|2917|1,51|0,715|1,28|"reef, vine, ice canyon, grassland"|"artic, humid, artificial temperate"
347|"Zenitharian Nemesisian"|6258|0,61|1,276|0,78|"sinkholes, cliff, tundra, rocky island, acid pool"|"superheated, subartic, artic, rocky"
348|"Zenithrion Eosian"|2541|1,43|1,028|1,12|"bog"|"temperate, humid, rocky"
349|"Astrobix Aphroditos"|8437|4,46|0,964|1,67|""|"windy"
350|"Stardrax Artemian"|2711|0,49|0,442|1,04|"cityscape, volcano, rocky desert"|"tropical, temperate, superheated, hot, arid, artic"
351|"Tabit Qi"|2105|3,39|1,169|1,43|"sea, hill, canyons, verdant, volcano, lava river, rocky desert, rocky canyon"|"windy, humid, tropical, temperate, subartic, arid"
352|"Suhail Hermian"|8899|2|0,611|1,48|"cliff, volcano, bog, urban, jungle, ice canyon"|"artic, tropical, humid, superheated, frigid"
353|"Suhail Dionian"|8899|2,44|0,573|1,62|"plain"|"humid, hot, arid"
354|"Diya Shi"|2176|2,23|1,095|1,27|"bog"|"rocky, humid, windy, hot, tropical, superheated, frozen"
355|"Diya Ba"|2176|2,41|1,335|1,22|"ice cave"|"windy, frozen, artic"
356|"Cerulean Abyss XIX"|7391|4,7|0,712|1,88|"field"|"artificial temperate"
357|"Sumi Cascade Athenian"|2994|1,97|1,082|1,22|"rainforest, mountain, barren"|"superheated, frozen, windy, artic, arid"
358|"Lunarisol Sirenios"|9763|3,49|0,469|1,95|"tundra, cliff, barren"|"superheated, arid, windy, artic"
359|"Albireo Nu"|1969|1,01|1,217|0,94|"rock arche, field, plain, city, vine, ice cave, bog"|"artic, temperate, artificial temperate, rocky, windy, subartic"
360|"Albireo Psi"|1969|9,06|1,248|1,94|"tundra, rocky canyon, island"|"windy, subartic, frozen, rocky, frigid, artic, artificial temperate"
361|"Phecda VII"|5695|9,36|0,964|2,13|"rocky desert, glacier, lakes, toxic cloudsea, ice cave, urban"|"superheated, artificial temperate, frigid, frozen, windy, temperate"
362|"Alzirr Artemian"|5807|1,09|0,671|1,18|"verdant"|"frozen"
363|"Pollux Alpha"|8931|0,38|1,005|0,72|"desert, hill, sea, grassland, reef"|"humid, superheated, subartic"
364|"Nekkar Atlasios"|8583|6,07|0,905|1,89|"ocean, ice canyon, reef"|"frigid, hot, rocky"
365|"Yoru Ascendance Poseidian"|2774|2,4|1,436|1,19|"canyons"|"frigid, superheated"
366|"Galaxium Theta"|1653|_|0,962|1,4|"canyons, field"|"frozen, temperate"
367|"Galaxium Delta"|1653|1,04|1,508|0,88|"field, lava river, ice cave, sea, cliff, forest, cave, sinkholes"|"frozen, superheated, arid, tropical, rocky"
368|"Aurum Quasar Gaios"|1654|1,58|1,139|1,12|"lakes"|"temperate, artificial temperate, arid, frozen"
369|"Sadachbia Helios"|6064|1,09|1,158|0,98|"forest, lakes, vine, verdant"|"tropical, temperate, rocky, artificial temperate, humid, hot"
370|"Sadachbia Selenean"|6064|6,47|1,042|1,84|"urban, cave, lakes, verdant, rocky desert"|"humid, arid, subartic"
371|"Theemin XXIV"|3328|6,93|1,058|1,87|"cliff, sinkholes"|"rocky, superheated"
372|"Snowstrider Nonal"|6336|5,2|0,704|1,95|"ice cave, tundra, rocky desert, fungus forest, field, vine, volcano, desert"|"rocky, frigid, arid, hot, frozen"
373|"Kraz Sextant"|2386|1,36|0,868|1,16|"valley, river, volcano, sea, cliff, mountain"|"temperate, artificial temperate, frozen, subartic, superheated"
374|"Riftwarder Eosian"|4829|1,97|1,198|1,18|"volcano"|"frozen, superheated, windy, hot, artificial temperate, tropical, humid"
375|"Pulsariana Omega"|8020|0,65|1,277|0,8|"grassy hill, lava river, ash"|"frigid, hot, rocky"
376|"Pulsariana Kappa"|8020|8,62|1,334|1,86|"lava river"|"superheated"
377|"Beemim Decimal"|175|2,54|1,385|1,22|"ice cave, glacier"|"subartic"
378|"Beemim Quintal"|175|8,77|1,123|1,98|"vine, city, rainforest, fungus forest, cliff"|"humid, artic, frozen, windy, artificial temperate, arid"
379|"Thunderhoof Kappa"|316|1,5|0,895|1,19|"rocky island, jungle, reef"|"tropical, humid, frigid"
380|"Koeia Persephonian"|9229|_|0,947|1,23|"canyons"|"humid, windy, tropical, subartic, rocky"
381|"Koeia Atlasios"|9229|3,27|0,91|1,53|"ice cave, urban, cityscape, island"|"frigid, artic, arid"
382|"Alnair XXI"|2037|3,03|0,775|1,58|"city, sea, valley, cityscape"|"humid, windy, frigid, temperate"
383|"Anadolu Qi"|4723|2,71|1,005|_|"plain, lava river, ash, valley, hill, mountain, canyons, sinkholes, cityscape"|"temperate, humid, tropical, rocky, artificial temperate, hot"
384|"Anadolu Jiu"|4723|7,2|0,936|1,97|"glacier"|"subartic"
385|"Tuiren Beta"|8964|3,13|0,961|1,48|"cityscape, urban"|"humid, subartic, superheated, tropical, frigid, windy"
386|"Menkent Pegasusian"|57|6,72|0,623|2,21|"desert, acid pool, bog, rocky desert, island, swamp"|"humid, hot, tropical, frigid"
387|"Menkent Nymphios"|57|5,37|0,682|1,99|"cityscape, cave, bog, desert"|"frigid, hot, frozen"
388|"Buna Titanos"|2182|1|0,948|1,02|"lakes, plain, river, cave"|"artificial temperate, frigid, artic"
389|"Yami Silence XV"|6389|1,6|1,079|1,14|"bog"|"tropical, subartic, artic, windy, artificial temperate"
390|"Yami Silence VII"|6389|2,1|1,4|1,14|"grassy hill, cliff, barren, valley, rocky canyon, reef, ice cave"|"superheated, hot, temperate, frigid, humid, arid"
391|"Ninja's Horizon Orphean"|4842|0,45|1,406|0,68|"ice cave, cityscape, sea, jungle"|"frigid, hot, tropical, temperate"
392|"Ruchbah Nu"|4592|_|1,224|1,25|"plain"|"humid, subartic, hot, frigid"
393|"Starglow Spectra Ba"|9317|2,14|0,965|1,3|"rocky desert"|"artic"
394|"Starglow Spectra San"|9317|_|1,086|1,33|"cliff, urban"|"subartic, frozen"
395|"Furud XXIII"|9055|8,62|0,899|_|"rocky canyon"|"rocky, arid, artificial temperate, frozen, artic, temperate, tropical"
396|"Geminga Shi"|926|5,29|1,062|1,71|"plateau, tundra, glacier, ice cave, hill, city"|"artificial temperate, rocky, superheated, temperate, frigid"
397|"Rosaliadecastro Lambda"|207|0,46|0,645|0,89|"grassy hill, urban, jungle"|"frigid, humid, subartic"
398|"Veritate Secant"|3078|2,39|1,256|1,24|"vine, rainforest"|"tropical, windy, humid"
399|"Abyssal Mirage IX"|9450|1,94|0,529|1,54|"cityscape, ash, ocean, cave"|"humid, tropical, windy, frozen, hot, arid"
400|"Abyssal Mirage XVIII"|9450|2,43|1,267|_|"sea"|"windy, frigid, artificial temperate"
401|"Alnilam Pegasusian"|7598|2,85|0,542|1,74|"verdant"|"artic, hot, arid"
402|"Irena Chi"|6727|2,1|0,771|1,4|"city, savanna"|"tropical, windy, artic, rocky, frigid, hot, subartic"
403|"Lunaris XVIII"|1339|2,16|1,011|1,29|"hill, reef, rocky canyon, city, cliff, rocky island, sea"|"frozen, artificial temperate, frigid, artic, arid"
404|"Tamashī Labyrinth Shi"|1903|6,42|0,886|1,93|"scrubland"|"subartic, arid, humid, frigid"
405|"Astrobane Morphean"|5362|3,35|0,544|1,83|"jungle"|"humid, subartic, hot"
406|"Astrobane Poseidian"|5362|4,55|1,17|1,57|"ice canyon, rainforest, glacier, sea, rock arche"|"humid, temperate, frigid"
407|"Solaris Pantheon"|3914|7,68|1,265|1,82|"verdant, rocky canyon, rocky desert, forest"|"frozen, superheated, tropical, arid, windy"
408|"Rasalgethi Rho"|4568|3,25|0,848|1,57|"sea, cliff"|"hot"
409|"Achird Aetherios"|2703|1,82|1,006|1,22|"island, rocky desert, rocky island, sea, verdant, cityscape, field, plateau"|"frigid, tropical, subartic, humid, artic"
410|"Orion's Gaze Upsilon"|9629|3,42|0,635|1,75|"ash, grassy hill"|"artificial temperate, superheated"
411|"Orion's Gaze Omicron"|9629|2,19|0,992|1,3|"valley"|"artificial temperate, temperate, rocky"
412|"Hunahpú Septimal"|7183|7,12|0,903|1,99|"river, forest, desert, vine, scrubland"|"temperate, arid, windy, rocky, artic"
413|"Hunahpú Nonal"|7183|2,76|0,964|1,42|"city, plateau, rocky island, bog, urban"|"frozen, rocky, temperate, artic, artificial temperate"
414|"Macondo Ba"|8283|0,94|0,956|0,99|"rocky island, rock arche"|"frigid, artificial temperate, temperate"
415|"Macondo Liu"|8283|1,74|1,106|1,16|"bog, cityscape, plain, lakes, rocky canyon, canyons, jungle"|"subartic, frozen, arid, tropical, rocky"
416|"Illyrian IX"|3579|_|0,841|2,2|"hill, grassland"|"subartic, superheated, hot, humid"
417|"Zenithrax VI"|3621|6,32|1,317|_|"tundra, glacier, rocky island"|"temperate, hot, frozen, windy, superheated"
418|"Kaveh XIV"|6348|5,46|0,844|1,86|"plain, grassland, verdant, rocky island, river"|"humid, temperate, subartic, windy"
419|"Kaveh II"|6348|2,2|1,247|_|"ice cave, rocky island, urban, savanna"|"hot, rocky, frozen"
420|"Aquilan Anomaly Yi"|4036|4,15|1,427|_|"cliff, tundra"|"subartic, windy"
421|"Starglow Haven Omega"|203|1,38|0,386|_|"glacier, barren"|"subartic, artic, arid, frozen, rocky"
422|"Starglow Haven Beta"|203|7,7|1,227|1,84|"cityscape, field, ice canyon"|"frigid, artificial temperate, hot, rocky, windy, frozen"
423|"Nebula Whisper Nonal"|2276|2,61|1,126|1,32|"city, verdant, ice canyon, barren, cave, jungle"|"frigid, artificial temperate, hot, tropical, arid"
424|"Nebula Whisper Quintal"|2276|2,69|0,952|1,41|"tundra, forest, cityscape"|"hot, artic, subartic, tropical"
425|"Rasalas II"|7864|4,06|1,221|1,49|"lava river, city, forest, plain, fungus forest, rocky canyon"|"temperate, humid, rocky, hot"
426|"Phantasmal Abyss Sextant"|7894|3,81|1,249|_|"forest, rocky island, valley, plain, desert, barren"|"temperate, superheated, arid, windy, frigid"
427|"Yurei Celestial Duodecimal"|3876|1,87|1,186|1,16|"forest, tundra, vine, ocean"|"temperate, artic, frigid"
428|"Yurei Celestial Secant"|3876|3,23|1,186|1,4|"hill"|"windy, frigid"
429|"Yildun Rho"|190|6,28|0,607|2,18|"lakes, ice canyon, glacier"|"rocky, temperate, arid, frozen"
430|"Celestros Quartal"|1214|2,69|0,977|1,4|"verdant"|"subartic, rocky"
431|"Celestros Duodecimal"|1214|4,45|0,451|2,15|"rocky island, bog, glacier, field, ice cave, canyons, sinkholes, ash"|"hot, frozen, subartic, artic, artificial temperate, superheated, arid"
432|"Umbra Veil Faunios"|9585|1,89|0,939|1,26|"acid pool, forest, sinkholes, cave, savanna, river, canyons, ice cave"|"tropical, superheated, hot, artic, temperate"
433|"Nemea Residue Sextant"|8901|2,13|0,965|1,3|"lakes, mountain"|"subartic, tropical, artificial temperate"
434|"Nemea Residue Tertial"|8901|1,25|1,316|0,98|"jungle, acid pool, rock arche, jungle, cave"|"temperate, artic, rocky, hot"
435|"Cosmogon Enigma XXIV"|427|6,37|1,35|1,68|"rainforest, valley, mountain, grassy hill, canyons, desert"|"humid, rocky, frigid, artic, windy"
436|"Solaraflux Secant"|4771|6,36|1,023|1,84|"tundra, rocky desert, mountain, ice cave, river, rocky island, grassy hill"|"superheated, arid, temperate, artic, rocky, windy"
437|"Solaraflux Undecimal"|4771|1,79|0,861|1,28|"cliff, grassy hill"|"hot, artic"
438|"Phact Tertial"|4133|1,45|0,925|1,16|"rock arche, river, sea"|"superheated, hot"
439|"Phact Septimal"|4133|4,8|1,364|1,52|"cityscape, cave"|"subartic, humid"
440|"Nikawiy Zeta"|2436|1,06|1,179|0,97|"hill, sea, rock arche, ice canyon, grassy hill, rocky island, ocean, ice cave"|"superheated, subartic, hot, artic, temperate"
441|"Misam Undecimal"|8320|3,18|1,129|1,41|"rocky canyon, reef, grassy hill"|"windy, humid, artificial temperate"
442|"Misam Duodecimal"|8320|0,63|1,192|0,81|"bog, tundra, urban, lava river, rocky canyon"|"subartic, arid, artificial temperate, humid, artic, superheated, windy"
443|"Obelisk Beacon Nonal"|5957|_|0,766|2,12|"rocky desert, grassy hill, rocky canyon, lakes, cliff"|"subartic, temperate, tropical, superheated, frozen, arid"
444|"Inari's Threshold Ba"|2249|1,96|1,337|1,14|"ash, volcano, island"|"humid, superheated, rocky, temperate, arid"
445|"Inari's Threshold Si"|2249|3,32|1,104|1,44|"valley"|"temperate"
446|"Horus' Gaze Yi"|8000|_|0,809|1,09|"cityscape, rocky canyon, desert, fungus forest, tundra, cliff, rainforest, rocky island"|"superheated, hot, frozen, artificial temperate, windy, arid"
447|"Horus' Gaze Qi"|9320|1,36|0,998|1,11|"verdant, plain, acid pool, ash"|"subartic, temperate, superheated, frigid"
448|"Hikari Nebula IV"|638|2,66|1,043|1,37|"sea"|"windy, humid"
449|"Tojil VII"|5914|_|0,907|1,86|"ice canyon, canyons, reef"|"artic, subartic, artificial temperate"
450|"Tojil VI"|5914|9,3|0,891|2,19|"tundra, hill, plain, scrubland, rocky desert"|"subartic, superheated, arid"
451|"Galactic Ember Gaian"|9742|4,35|1,222|1,53|"island, grassy hill"|"windy, hot"
452|"Galactic Ember Demetrian"|9742|3,8|1,187|1,47|"city, valley, mountain"|"artic, frozen"
453|"Palladium Shroud Sextant"|1120|1,45|0,882|1,18|"city, plain, grassy hill, hill, plateau, cliff"|"subartic, frozen, hot, superheated"
454|"Palladium Shroud Duodecimal"|1120|0,36|0,965|0,72|"mountain, urban, acid pool, river"|"rocky, frozen, temperate"
455|"Helixarian Ba"|5210|0,95|0,702|1,11|"rock arche, urban, sinkholes"|"superheated, windy, artic"
456|"Orionyx Demetrian"|633|3,34|1,407|1,33|"rock arche, field, verdant, river, grassland, bog, vine, plateau, rocky desert"|"artic, humid, frozen, artificial temperate, tropical, temperate"
457|"Drakonir Gaian"|2356|7,62|1,104|_|"fungus forest, cliff"|"artic, tropical, arid, frozen"
458|"Drakonir Persephonian"|2356|2,26|0,875|1,37|"river, rocky island, grassland, fungus forest, vine, desert, glacier"|"humid, artic, temperate, hot, arid"
459|"Cocibolca Aetherios"|1916|2,43|0,759|1,47|"rock arche"|"artic, frozen, frigid, superheated"
460|"Bonsai Silence Nereidos"|4479|1,95|1,038|1,23|"sea"|"hot, artificial temperate, frigid, artic"
461|"Hotaru Ascendance Decimal"|3431|_|1,189|1,04|"volcano, plain, rock arche, island, valley, hill"|"subartic, artificial temperate, arid, rocky"
462|"Hotaru Ascendance Sextant"|3431|2,23|0,775|1,42|"vine, ocean"|"frigid, arid, artificial temperate, windy"
463|"Adhara Omega"|949|8,51|1,123|1,96|"ice canyon, glacier, grassy hill, scrubland, fungus forest, ocean, plateau, toxic cloudsea, field"|"artic, rocky, arid, frigid, temperate, subartic, humid"
464|"Inquill XVIII"|6376|5,8|0,863|1,89|"plain, bog, fungus forest"|"artic, rocky, tropical, frozen, frigid"
465|"Yugen Hadean"|885|4,25|1,167|1,54|"savanna, tundra, volcano, cave, rainforest, ash, sinkholes"|"arid, superheated, humid, frigid, temperate"
466|"Nebulous Silence Artemian"|3690|2,11|0,926|1,32|"rocky island, forest, bog"|"temperate, rocky, artificial temperate, frozen"
467|"Elkurud Omega"|2513|2,01|0,592|1,5|"canyons, mountain, valley"|"artificial temperate, hot, frozen, temperate"
468|"Elkurud Nu"|2513|1,25|1,213|1,01|"plateau, rock arche"|"windy, frozen"
469|"Gumala Sigma"|4917|2,22|1,206|1,23|"plateau, reef"|"frigid, hot"
470|"Phantasmal Echo Helios"|3050|2,38|1,156|1,27|"cityscape, rocky island"|"frozen, temperate"
471|"Nebulous Enigma Athenian"|7322|3,1|1,187|1,38|"verdant, tundra, cityscape, reef"|"tropical, frigid, frozen, windy"
472|"Megrez Lambda"|3491|1,58|1,051|1,15|"plateau"|"tropical, arid, frozen"
473|"Peacock Irisian"|4217|0,95|1,032|0,97|"cave, jungle, swamp, forest, vine, desert, fungus forest"|"arid, superheated, hot, humid, temperate"
474|"Lyraflux Morphean"|8453|0,87|0,971|0,96|"sea, glacier, city, verdant, island"|"frigid, windy, subartic, artic"
475|"Quasarionara Theta"|214|8,9|1,259|1,92|"island, cityscape, ocean, grassy hill"|"frigid, windy, rocky, frozen, temperate"
476|"Heze Demetrian"|1575|3,14|1,306|1,34|"desert, vine, plateau, cliff"|"superheated, tropical, arid, humid, hot, temperate"
477|"Sualocin Poseidian"|2215|3,91|0,867|1,65|"lava river, rocky desert, swamp, ocean, verdant, sinkholes"|"tropical, frozen, subartic, hot"
478|"Ronin's Cascade Wu"|4167|1|0,998|1|"ocean"|"superheated, artificial temperate"
479|"Atakoraka Si"|2834|1,01|0,545|1,23|"cityscape, canyons"|"frigid, artificial temperate, arid, artic"
480|"Atakoraka Qi"|2834|2,18|0,893|1,35|"jungle, verdant, sea, acid pool, ocean"|"humid, hot, artificial temperate, windy"
481|"Deneb Delta"|1668|7,38|0,878|2,03|"hill, rainforest"|"frigid, artificial temperate, tropical, superheated"
482|"Deneb Mu"|1668|0,53|0,891|0,84|"field, vine"|"rocky, humid, temperate, arid, windy"
483|"Celestrium XVIII"|1673|6,39|1,152|1,77|"ocean, plain, grassland"|"subartic, arid, artificial temperate, humid"
484|"Alkaid Prime"|394|3,52|1,366|1,37|"ocean"|"frigid, frozen, superheated, hot, rocky"
485|"Baten Kaitos Athenian"|6362|_|0,995|0,93|"cave"|"subartic, artic, superheated, artificial temperate, tropical, hot, rocky"
486|"Ephemeral Abyss Hermian"|808|7,28|0,892|_|"scrubland, plain, desert"|"arid, superheated"
487|"Kaus Borealis Janusian"|906|0,7|1,168|0,84|"glacier, barren, lava river, rocky canyon, lakes, cityscape, mountain, desert, canyons, island, volcano"|"humid, rocky, hot, arid, tropical, superheated, frigid"
488|"Eclipsara XIV"|9217|2,55|1,173|1,3|"scrubland, savanna, acid pool"|"hot, arid"
489|"Eclipsara VI"|9217|6,12|1,029|1,81|"ocean, grassland, rock arche, cityscape, hill, plain, lakes, city"|"humid, subartic, arid, frigid, frozen"
490|"Nushagak Nyxios"|5689|1,6|0,741|1,29|"ocean"|"temperate"
491|"Nushagak Nymphios"|5689|5,97|0,842|1,92|"cave, swamp"|"rocky, frigid, frozen, humid"
492|"Runeblade Athenian"|8835|1,37|1,277|1,02|"fungus forest"|"temperate, hot"
493|"Quantum Radiance XI"|4936|8,2|1,418|1,79|"sinkholes, lava river, swamp, urban"|"tropical, hot, humid, windy, artic"
494|"Quantum Radiance VII"|4936|1,68|0,864|1,25|"grassy hill, cliff, glacier, plain, city"|"frozen, artificial temperate, windy, temperate, arid"
495|"Gakyid Decimal"|7397|1,81|0,886|1,27|"hill"|"windy, humid, rocky"
496|"Gakyid Duodecimal"|7397|4,13|0,696|1,81|"savanna, tundra, lakes, cave, ocean"|"windy, frozen, arid, frigid, hot, temperate, superheated"
497|"Alkes XX"|1946|1,42|0,874|1,18|"sea, rocky island, rock arche, reef, forest, ocean"|"humid, frozen, superheated, temperate"
498|"Alkes VII"|1946|2,12|1|_|"hill, city, rock arche, cliff, jungle, tundra"|"subartic, windy, frozen, artificial temperate, hot"
499|"Tsukiyo XXIII"|2298|1|0,636|1,16|"lava river, reef"|"arid, humid, frigid"
500|"Nova Cascade Epsilon"|5518|0,44|0,773|0,83|"island, mountain, field, hill, forest, plateau, urban"|"tropical, frozen, artificial temperate, superheated, rocky"
501|"Nova Cascade Mu"|5518|0,88|0,939|0,98|"verdant, rock arche"|"tropical, subartic, humid, frozen, artic, rocky, hot"
502|"Siriusith Qi"|7107|0,92|1,563|_|"lava river, vine"|"frozen, arid, hot"
503|"Novaflare Wu"|9158|1,12|0,88|1,08|"cityscape, rocky island, swamp, plateau, lava river, bog"|"artificial temperate, humid, arid, frozen, subartic, frigid, tropical"
504|"Novaflare Qi"|4212|5,06|0,847|1,81|"lakes, savanna, grassland"|"frigid, humid, rocky"
505|"Vortexarian Helios"|2746|1,04|0,609|1,2|"sinkholes, rock arche"|"artificial temperate, windy, frozen, rocky, temperate, hot"
506|"Vortexarian Athenian"|2746|1,17|1,383|0,95|"vine, savanna"|"windy, tropical, temperate, hot"
507|"Zaurak XX"|1095|1,03|1,027|1|"plain, tundra"|"rocky, tropical"
508|"Koi's Ascendance Upsilon"|605|1,54|0,968|_|"lava river, forest"|"tropical, superheated, frigid"
509|"Spica Delta"|8120|2,32|0,798|1,43|"sea, cityscape"|"artificial temperate, artic"
510|"Propus Museios"|9647|1,07|0,893|_|"island"|"humid, windy, arid"
511|"Etherios Iota"|3607|1,12|1,397|0,93|"verdant, glacier"|"temperate, arid, subartic, humid"
512|"Etherios Lambda"|3607|1,65|1,036|1,17|"verdant, ice canyon"|"frozen"
513|"Stoneshaper Liu"|5070|1,46|1,179|1,07|"sea, fungus forest, barren, plateau"|"windy, superheated, rocky, humid, arid"
514|"Stoneshaper Jiu"|5070|2,18|1,065|1,27|"field, barren, bog"|"arid, tropical, hot"
515|"Novaflame Nyxios"|8358|6,7|1,328|1,72|"river"|"frozen, subartic, artificial temperate, hot"
516|"Alula Australis Hermian"|4015|4,59|0,531|2,05|"reef, rock arche"|"frigid"
517|"Alula Australis Nereidos"|4015|7,88|0,851|2,1|"city, valley, fungus forest, rainforest, volcano"|"hot, windy, artic, frozen, humid"
518|"Celestara Tau"|9163|4,56|0,876|1,73|"rocky desert, plain, rainforest"|"humid, artificial temperate, hot, artic"
519|"Celestara Mu"|9163|0,9|0,646|1,12|"plain, ocean"|"hot, frigid, windy, artificial temperate"
520|"Heliconian Whispers XX"|4947|4,69|0,725|1,86|"lava river, cave, ash, field, verdant, island"|"frigid, hot, subartic, artic, arid, windy"
521|"Kōkei Labyrinth Centaurios"|5824|1,36|1,192|1,04|"cityscape"|"hot, superheated"
522|"Muspelheim Nemesisian"|2930|2,86|1,178|1,34|"reef, desert, cityscape, rocky canyon"|"tropical, humid, artificial temperate, rocky, artic, windy"
523|"Nebulion Morphean"|1290|0,78|1,168|0,87|"cityscape, glacier, forest, plain, rocky island"|"superheated, frozen, rocky"
524|"Horus' Ascendance Rho"|7128|1,24|0,871|1,13|"lakes, cave"|"temperate, windy"
525|"Horus' Ascendance Psi"|7128|1,34|0,779|1,2|"plateau, reef"|"artificial temperate, temperate, tropical"
526|"Atlas Phi"|6692|1,84|1,059|1,2|"plateau, jungle"|"artic, temperate, arid, humid, frozen, rocky, artificial temperate"
527|"Penumbrion Liu"|4580|9,56|0,63|2,48|"grassland, cliff, ocean, city, grassy hill"|"hot, tropical, temperate, windy, humid"
528|"Penumbrion Er"|4580|0,72|0,956|0,91|"bog, sea, grassy hill, plain, volcano"|"rocky, arid, humid, temperate"
529|"Dschubba Olympus"|9462|1,61|0,917|1,21|"rock arche, city, rocky desert, rocky canyon"|"humid, frozen, windy, artificial temperate, artic, hot"
530|"Titawin Nymphios"|9757|3,45|1,095|1,47|"desert, cliff, savanna, rocky desert, rock arche"|"arid, artificial temperate, frigid, superheated, subartic"
531|"Ignitionix Hestian"|5626|3,57|1,246|1,42|"urban"|"frozen, temperate, rocky, artificial temperate, windy, tropical"
532|"Ravenshadow Eta"|6673|3,26|1,089|1,44|"ocean, verdant"|"humid, windy, temperate"
533|"Ra's Whisper Sigma"|5536|4,94|2,028|1,35|"rocky island, acid pool, forest"|"frigid, tropical, rocky, artic"
534|"Ra's Whisper Nu"|5536|3,59|0,437|_|"glacier, city, hill, grassy hill, field, lava river, ice cave"|"artic, frozen, windy, hot, arid, frigid"
535|"Tania Borealis Qi"|226|_|1,176|1,02|"cave"|"artificial temperate, temperate"
536|"Tania Borealis Shi"|226|1,45|0,503|1,42|"jungle, urban, rainforest, toxic cloudsea, fungus forest"|"windy, superheated, humid, frozen, artificial temperate"
537|"Sorairo Mirage XX"|8648|7,5|0,748|2,16|"jungle, sinkholes, island, rainforest, volcano, swamp, toxic cloudsea, reef, canyons"|"superheated, frigid, subartic, windy, arid, humid, frozen"
538|"Kaminari Enigma Cerberian"|4563|0,74|0,796|0,98|"lakes, volcano, canyons, city"|"superheated, frigid, arid, temperate"
539|"Pyramid Radiance Theta"|6730|6,12|1,136|1,75|"valley"|"humid"
540|"Pyramid Radiance Eta"|6730|8,35|0,792|2,19|"ocean, jungle, bog, plain, jungle, valley"|"frigid, artificial temperate, rocky, tropical"
541|"Kurhah Mu"|7109|1,91|1,117|1,2|"savanna, bog, rainforest, vine, fungus forest, canyons, hill"|"subartic, frigid, tropical, superheated, artificial temperate"
542|"Kurhah Beta"|7109|2,72|0,545|1,71|"acid pool, city"|"superheated, rocky"
543|"Menkib Nonal"|9433|2,6|1,343|1,25|"reef, forest, canyons, field, toxic cloudsea"|"subartic, arid, temperate, humid, artic, artificial temperate, frigid"
544|"Menkib Sextant"|9433|7,48|0,731|2,17|"vine, field, lava river, island"|"windy, artic, humid, arid, superheated"
545|"Felixvarela Wu"|3341|1,8|0,872|1,27|"fungus forest, bog, plain, canyons"|"hot, frozen, tropical, temperate"
546|"Alruba I"|5618|2,88|1,031|1,41|"canyons"|"arid, temperate, superheated, rocky"
547|"Alruba XIII"|5618|8,34|0,663|2,33|"plateau"|"superheated, tropical, humid, temperate, windy"
548|"Ronin's Enigma Typhonian"|2126|1,53|1,043|1,14|"desert, cave, sea, ice canyon"|"temperate, frigid, rocky, frozen, artificial temperate"
549|"Ancha Vigesimal"|4402|5,59|0,949|1,81|"glacier"|"tropical, artificial temperate, artic, windy"
550|"Ancha Quintal"|4402|1,54|1,03|1,14|"lava river, tundra, barren, island, ocean, hill, city, cliff, rainforest"|"subartic, arid, hot, superheated, artic, tropical"
551|"Ryusei Sigma"|1689|1,47|1,232|1,06|"canyons"|"frozen, hot, tropical, artificial temperate, subartic, arid"
552|"Prima Hyadum Ba"|6172|7,05|0,973|1,93|"bog, mountain"|"temperate"
553|"Prima Hyadum Qi"|6172|5,01|0,985|1,72|"barren"|"hot, superheated, rocky, arid, windy"
554|"Nebulium Hadean"|4201|4,13|1,012|1,6|"sea, lakes, volcano, city, ice cave, rocky island, island, toxic cloudsea"|"artic, artificial temperate, frigid, subartic, arid, rocky"
555|"Hoggar Mu"|726|7,61|1,137|1,88|"cityscape, urban"|"arid, rocky, humid"
556|"Stardrake Omega"|5022|5,87|1,145|1,72|"rocky island, hill"|"windy, temperate"
557|"Deneb Algedi Hadean"|5546|_|0,861|1,71|"hill"|"subartic, hot, superheated, temperate, artic"
558|"Spectronix X"|5068|5,21|0,738|1,92|"toxic cloudsea, desert, savanna"|"tropical, artic, hot, rocky, subartic"
559|"Spectronix XXIV"|5068|4,81|0,898|1,75|"canyons, forest, lava river, plateau"|"artificial temperate, arid, tropical"
560|"Eagleeye Poseidian"|3401|3,69|0,995|1,55|"verdant, swamp, cityscape, rocky island, forest"|"humid, hot, tropical"
561|"Sterrennacht Astraeos"|9380|1,47|1,305|1,04|"ice cave"|"windy, humid, frigid, superheated, tropical"
562|"Cosmaronix Persephonian"|3739|1,62|0,494|1,49|"ocean, ice canyon"|"humid, superheated, frozen"
563|"Vega Sigma"|888|2,41|1,35|1,21|"lakes, ice canyon, island, mountain, ice cave, sinkholes, forest"|"tropical, humid, frigid, superheated, frozen, artificial temperate, artic"
564|"Dofida Duodecimal"|6476|2,08|0,987|1,28|"rock arche, jungle"|"frigid, windy, hot, artic"
565|"Dofida Octal"|6476|1,4|0,829|1,19|"jungle, glacier, fungus forest, city, rocky canyon, reef, sea"|"arid, frigid, artificial temperate, humid, frozen"
566|"Stellaria Crypt Quartal"|5808|_|0,731|1,72|"valley, reef"|"superheated, subartic, frigid, frozen, artic, tropical"
567|"Celestial Cascade Psi"|5553|7,14|1,04|1,9|"volcano, grassy hill, cityscape, cave, canyons, lakes, reef"|"frozen, temperate, artic, arid, superheated, artificial temperate"
568|"Celestial Cascade Zeta"|5553|1,04|1,396|0,91|"vine, forest"|"temperate, subartic"
569|"Chertan X"|3696|9,29|0,967|2,13|"rocky island, plateau"|"artificial temperate"
570|"Chertan XVII"|3696|0,95|1,096|0,95|"field, ice canyon, rainforest, island"|"windy, artic, frozen, humid"
571|"Procyon Psychean"|473|7,77|1,527|1,72|"verdant"|"arid, frigid, temperate"
572|"Umbral Depths Delta"|5165|1,97|0,602|1,48|"lava river, desert"|"arid"
573|"Mebsuta Nyxios"|563|_|1,063|0,94|"ice cave, grassland, reef, ice canyon, river"|"temperate, artificial temperate, artic"
574|"Sāmaya Nonal"|1300|2,71|0,519|1,74|"forest"|"rocky, frozen, temperate"
575|"Sāmaya Vigesimal"|1300|3,42|0,981|1,52|"cave, volcano, mountain, plain"|"artic, arid, subartic"
576|"Nefertiti's Beacon Nu"|4560|6,45|0,823|1,99|"desert, grassy hill"|"tropical, artic, humid, frozen, rocky"
577|"Mazaalai Aetherios"|2172|8,3|1,034|2|"forest"|"arid, temperate, rocky, tropical, windy, frozen, hot"
578|"Mazaalai Psychean"|2172|1,88|0,627|1,44|"acid pool, cityscape, island, vine, toxic cloudsea, fungus forest"|"artificial temperate, frigid, rocky, artic, tropical"
579|"Miaplacidus XX"|4996|1,7|0,969|1,21|"acid pool, rocky island, plain, rock arche, forest"|"artic, artificial temperate, arid, temperate, humid"
580|"Quantum Gaze XVII"|4791|1,64|1,047|1,16|"lakes, mountain"|"hot"
581|"Quantum Gaze XII"|4791|_|0,653|1,66|"cave, jungle, tundra, jungle"|"superheated, frozen, hot"
582|"Igniflux V"|7825|4,07|0,795|1,72|"savanna, ocean, jungle, swamp, ice cave, city"|"artic, tropical, subartic, windy, artificial temperate, superheated, hot"
583|"Aladfar Hermian"|235|1,67|0,816|1,27|"valley, ice canyon, grassy hill, bog"|"frigid, temperate, rocky"
584|"Ankh Seraph Hermesios"|1420|4,31|1,292|1,49|"field, rainforest, vine"|"tropical, temperate, humid, rocky, windy"
585|"Astrylis Poseidian"|9577|6,39|0,97|1,87|"sea, grassy hill"|"frozen, hot, rocky, arid"
586|"Alpheratz Octal"|19|1,53|0,761|1,26|"bog, river, hill, field, toxic cloudsea"|"artic, temperate, arid"
587|"Alpheratz Decimal"|19|_|1,34|0,89|"cliff, rock arche, savanna"|"frigid, arid, hot, temperate"
588|"Thunderpeak Typhonian"|8704|4,52|1,083|1,61|"mountain"|"tropical, subartic"
589|"Cosmic Whispers Vigesimal"|7254|1,8|0,749|1,34|"plateau, urban, island"|"rocky, frozen, windy, artic, artificial temperate"
590|"Dubhe Ba"|9996|4,66|0,515|2,08|"cityscape, savanna, jungle, rainforest, toxic cloudsea"|"frozen, subartic, tropical, frigid"
591|"Cleopatra's Resonance Sirenios"|7532|3,36|1,004|1,5|"glacier, sea"|"windy, arid, temperate, artic"
592|"Shinju Hadean"|2402|1,83|1,442|1,08|"reef, plateau"|"windy, frigid"
593|"Tenshi Echoes XV"|6526|1,74|0,912|1,24|"grassland"|"humid"
594|"Caph Kappa"|945|2,21|1,066|1,28|"plateau"|"rocky, hot, humid"
595|"Tupi Eosian"|5641|0,75|1,261|0,84|"lakes, acid pool, sinkholes"|"artic, frozen, superheated, windy, humid, rocky"
596|"Hamal Nonal"|5722|2,16|1,002|1,29|"tundra, cityscape, swamp, cave, rocky canyon, sinkholes, sea"|"artificial temperate, frozen, artic, tropical, hot, rocky"
597|"Cassioth XVI"|2873|4,44|1,683|1,38|"forest, river, sea"|"frozen, temperate, subartic"
598|"Kasumi Whisper Shi"|336|1,72|1,084|1,17|"swamp, field, desert, plateau"|"artic, superheated, tropical, windy, subartic, frozen"
599|"Infinity Iris Typhonian"|8309|7,67|1,101|1,91|"cave, plain, plateau"|"arid, artificial temperate, frozen, tropical"
600|"Comet Veil Gaios"|7871|7,31|1,08|1,89|"island, toxic cloudsea"|"frigid, frozen, rocky"
601|"Abyssal Echo XVI"|1469|2,73|1,291|1,28|"volcano, vine"|"arid"
602|"Abyssal Echo X"|1469|1,62|0,967|1,19|"rock arche, rocky island, urban, cityscape, desert, mountain, bog"|"subartic, humid, superheated, hot, artificial temperate, frozen"
603|"Shogun's Loom Aetherios"|6161|7,57|0,79|2,12|"cave, reef"|"artic, temperate, windy, rocky, tropical"
604|"Photonara Shi"|5312|5,52|0,536|2,18|"desert, rocky island"|"temperate, artificial temperate, hot, windy, humid, rocky"
605|"Chara Centaurios"|584|9,58|0,816|2,27|"fungus forest, ocean"|"rocky, humid, superheated, artificial temperate"
606|"Ketsueki Whispers Undecimal"|9754|0,55|1,164|0,78|"tundra, urban, rocky island"|"humid, windy, frigid"
607|"Ketsueki Whispers Sextant"|9754|7,82|1,003|_|"island, canyons, ice cave"|"hot, temperate, arid, frozen, windy, humid"
608|"Galaxaraith Quartal"|2596|2,55|1,267|1,26|"ice canyon, mountain, toxic cloudsea"|"artic, frozen, frigid"
609|"Cassioflux Athenian"|7518|8,27|0,647|2,34|"valley, ash"|"hot, arid, superheated, frozen"
610|"Hinotori Whispers Shi"|5806|4,17|1,297|1,48|"valley, jungle"|"arid, humid, rocky, temperate"
611|"Hinotori Whispers Qi"|5806|6,22|1,083|1,79|"sinkholes, grassy hill"|"humid, hot"
612|"Orion's Echo Omicron"|7495|5,03|1,008|_|"ice canyon"|"frozen, humid, superheated, arid"
613|"Mizar Prime"|9833|6,18|1,104|1,78|"city, plain, ash, sinkholes"|"temperate, hot, artic, subartic, arid, rocky"
614|"Mizar Secant"|9833|1,93|0,868|1,31|"cave, plateau, ice cave"|"rocky, hot, windy, artic"
615|"Cassionix Sigma"|755|3,44|1,059|1,48|"desert"|"windy, tropical, superheated"
616|"Flegetonte Pi"|6178|2,48|1,614|1,15|"rocky desert, jungle, lakes, vine, savanna, reef, ocean, urban, sea"|"hot, tropical, arid, temperate, artic, humid"
617|"Wasat XXII"|1155|2,6|1,144|1,31|"urban, river"|"frigid, frozen, humid, windy, rocky"
618|"Wasat I"|1155|2,36|0,752|_|"city, sinkholes"|"arid, windy, superheated, subartic"
619|"Cosmic Elegance Hermesios"|4103|2,09|0,827|1,36|"forest, ocean, toxic cloudsea, rainforest, verdant, urban"|"artic, superheated, artificial temperate, hot"
620|"Ain Phi"|900|1,94|0,922|1,28|"rocky canyon, rocky desert, ice cave"|"artificial temperate, artic, temperate"
621|"Samurai's Mirage VIII"|9580|1,29|1,471|0,96|"lava river, reef, sea"|"frigid, artic, windy, subartic, artificial temperate, superheated"
622|"Kamuy Hermian"|2743|2,95|0,659|1,65|"grassland, rainforest"|"rocky, temperate, frozen, superheated, tropical, windy"
623|"Ma'at's Celestial Dionian"|5740|2,61|1,17|1,31|"grassy hill, verdant, forest"|"humid, frigid, subartic, superheated, temperate, windy, tropical"
624|"Torii Shadows Chi"|8038|5,8|1,029|1,78|"river, plain, rocky desert"|"arid, subartic, artic"
625|"Kang Phi"|6843|0,8|1,519|0,81|"grassy hill, desert, cliff, rock arche, acid pool, ice cave"|"windy, artificial temperate, artic, subartic, rocky"
626|"Minchir XV"|4966|3,1|0,848|1,54|"rainforest, cityscape, mountain"|"hot, superheated"
627|"Skat Centaurios"|1093|2,1|0,912|1,32|"valley, jungle, rock arche, sinkholes, ice canyon"|"superheated, artificial temperate, subartic"
628|"Gloas V"|7547|_|1,182|1,82|"desert, valley, grassy hill, forest, cityscape, canyons, reef, city, island, acid pool, cave"|"hot, superheated, frigid, humid, rocky, arid, tropical"
629|"Nebulonix Pi"|273|0,63|1,02|0,85|"rocky island, desert, rainforest, verdant"|"hot, rocky, tropical"
630|"Albaldah Echoian"|9826|5,01|0,865|1,8|"tundra"|"temperate, frozen, frigid, subartic"
631|"Kaze Celestial Janusian"|4078|5,02|1,536|1,48|"field, cliff, desert, rocky canyon, toxic cloudsea, lakes, cityscape"|"hot, frozen, rocky, subartic, tropical, windy"
632|"Keid Secant"|1629|2,51|0,9|1,41|"mountain, ice cave, verdant"|"hot, frozen"
633|"Komorebi Oranos"|738|7,5|1,182|1,85|"toxic cloudsea, city, jungle, sinkholes"|"artic, frigid, hot"
634|"Ignitionara Upsilon"|6061|7,86|0,802|2,14|"field, rocky canyon, mountain, cave, acid pool, bog"|"tropical, artificial temperate, temperate, humid"
635|"Ignitionara Omicron"|6061|2,77|0,948|1,43|"cave, ice canyon, cliff, jungle, sea, mountain, tundra"|"superheated, humid, temperate, artic, rocky"
636|"Nihal Delta"|950|4,93|0,965|1,72|"rocky island, savanna, sea, ash"|"frozen, frigid, arid, subartic, artic, artificial temperate, superheated"
637|"Nihal Xi"|950|1,38|0,735|1,23|"cliff, savanna"|"artic, temperate, hot, humid"
638|"Ma'at's Silence Beta"|11|5,54|0,759|1,94|"scrubland, plain"|"frigid, subartic, arid, hot"
639|"Lusitânia Cerberian"|4547|2,15|1,064|1,26|"canyons, grassy hill, rocky canyon"|"subartic, hot, superheated, tropical, windy"
640|"Lich IX"|7008|6,89|1,047|1,87|"ice canyon, acid pool"|"frigid, humid, tropical, windy, artificial temperate"
641|"Ravenfury Selenean"|2790|1,21|1,443|0,94|"cave, reef"|"hot, superheated, windy, tropical"
642|"Ravenfury Nyxios"|2790|7,62|1,124|1,89|"grassy hill, rocky desert, volcano, ocean, island, barren, acid pool"|"arid, artic, tropical, subartic, rocky, hot, artificial temperate"
643|"Fjellstone IV"|8574|4,14|1,25|1,49|"valley, rocky island, plateau, bog, desert, city"|"superheated, frigid, artificial temperate, temperate, tropical"
644|"Fjellstone VII"|8574|5,71|1,416|1,59|"ocean, grassland, city"|"humid, frozen"
645|"Sarin Yi"|6253|3,6|1,01|1,53|"cave, grassy hill, rocky canyon"|"artificial temperate, artic, temperate"
646|"Sarin Shi"|6253|5,02|1,244|1,59|"river"|"frigid, artic, tropical, superheated, windy"
647|"Cosmoth Ba"|5762|5,62|1,157|1,69|"canyons"|"windy, rocky"
648|"Cosmoth Jiu"|5762|9,45|0,898|2,19|"acid pool"|"humid, tropical, frozen, temperate"
649|"Brachium Demetrian"|5277|1,71|0,852|_|"toxic cloudsea, jungle, urban"|"humid, artificial temperate, frozen, artic, subartic"
650|"Nebulonara XIX"|108|4,35|1,247|1,52|"cave, mountain"|"subartic"
651|"Anubis' Echo Rho"|5446|0,65|1,308|0,79|"reef, cliff, rainforest"|"artic, frigid, superheated, subartic, artificial temperate"
652|"Násti XIV"|5145|6,44|1,489|1,63|"rocky canyon"|"subartic, windy, artificial temperate"
653|"Ebon Labyrinth Pantheon"|5278|0,47|0,903|0,8|"valley, rock arche, ash, sinkholes, plateau, cliff"|"rocky, superheated, arid, frozen"
654|"Aegis Obscura Echoian"|288|9,5|0,625|2,48|"ice cave, river, glacier"|"superheated, artic"
655|"Sulafat Eta"|1772|1,64|0,946|1,2|"swamp, river, volcano"|"windy, humid, superheated"
656|"Titanium Quasar III"|1643|2,18|1,386|1,16|"toxic cloudsea, plain, mountain, cliff, river, city, plateau"|"hot, humid, temperate, rocky, frozen"
657|"Bunda Ba"|7963|3,17|0,807|1,58|"rocky canyon"|"temperate, superheated, tropical, rocky"
658|"Bunda Qi"|7963|3,39|1,18|1,42|"verdant"|"artic, rocky, superheated, humid, temperate, frigid"
659|"Bastet's Horizon Atlasios"|5303|1,23|0,745|1,18|"mountain, rainforest, valley"|"hot, superheated"
660|"Quantum Quasar Museios"|6068|2,47|0,805|1,45|"sea"|"humid, subartic"
661|"Quantum Quasar Aetherios"|6068|5,24|0,69|1,97|"glacier"|"windy, rocky, humid, artic, temperate, tropical"
662|"Cosmaraud X"|1991|4,83|1,178|1,6|"verdant, urban"|"frigid, superheated"
663|"Cosmaraud XV"|1991|_|1,097|1,48|""|"windy"
664|"Gudja XIV"|5295|9,57|0,931|2,17|"plain, jungle, hill, cave, reef, cityscape"|"rocky, frigid, windy, hot, frozen, arid, humid"
665|"Menkar Orphean"|7359|1,44|1,124|_|"plain, ice cave, tundra, jungle, jungle"|"hot, frozen, artic, rocky"
666|"Tarf XIII"|4044|0,84|0,977|0,95|"fungus forest, tundra, ash, acid pool, canyons, reef, ice canyon, rocky canyon, glacier"|"subartic, tropical, rocky, humid, superheated, frigid"
667|"Asellus Australis XXIII"|1776|0,43|0,71|0,85|"rocky island, sinkholes, volcano, jungle"|"superheated, arid, temperate, artificial temperate"
668|"Fawaris Prime"|523|3,66|1,131|1,48|"rocky island"|"hot, artificial temperate, superheated, frigid, tropical, arid"
669|"Zavijava VI"|530|7,3|1,03|1,92|"hill, cityscape, island"|"temperate, windy, arid"
670|"Atria Nonal"|957|_|1,292|1,05|"verdant"|"humid"
671|"Atria Decimal"|957|1,61|1,209|1,1|"sea, jungle"|"artic, frozen, humid, frigid"
672|"Kamikaze Resonance Alpha"|4510|6,69|1,072|1,84|"island, canyons"|"hot"
673|"Pipoltr Gaian"|9933|1,78|1,033|1,2|"cave, cliff"|"subartic"
674|"Cosmosol Aetherios"|6319|7,77|1,342|1,8|"jungle, scrubland, cave"|"arid, hot, superheated, artic"
675|"Hassaleh Chimeraean"|1844|0,66|1,083|0,85|"urban, savanna, field"|"rocky, artificial temperate, subartic, humid"
676|"Hassaleh Astraeos"|1844|8,09|0,903|2,08|"volcano, mountain, cave, acid pool, bog"|"temperate, humid, subartic, hot"
677|"Ignifera Iota"|2675|5,21|1,39|1,55|"cityscape, island"|"frigid"
678|"Ignifera Phi"|2675|1,32|1,224|1,03|"bog"|"artic, artificial temperate, tropical, superheated"
679|"Petra Nemesisian"|4685|4,73|1,028|1,66|"swamp, grassy hill, rocky desert"|"frozen, humid"
680|"Malmok Janusian"|3731|2,79|0,976|1,42|"cave"|"humid, hot, frozen"
681|"Malmok Titanos"|3731|6,95|0,634|2,22|"scrubland, plateau, sinkholes, sea, jungle"|"tropical, arid, hot, subartic"
682|"Astrolithium VIII"|2048|5,22|0,93|1,78|"river, jungle"|"tropical, arid"
683|"Tsuki's Nebula Zeta"|9303|2,11|0,967|1,3|"hill, reef, field, lava river"|"humid, hot, arid, rocky"
684|"Dziban Asclepian"|8451|6,35|1,296|1,7|"rocky canyon, urban, rock arche, vine, jungle, fungus forest, hill"|"artificial temperate, tropical, arid, humid, subartic"
685|"Elysiumix Tertial"|4362|3,34|1,536|1,3|"cityscape, desert, jungle, urban, sea, lakes, rock arche, rainforest, fungus forest"|"humid, rocky, superheated, frigid, subartic, hot"
686|"Elysiumix Prime"|4362|2,24|1,103|1,27|"cityscape, hill"|"subartic, frozen"
687|"Cryptic Shadows Wu"|2604|9,01|0,686|2,36|"volcano"|"hot"
